,FactSetEntityId,CurrentReportDate,Style,ManagerStyle,TurnoverLabel,TotalAUM,FDS13FFlag,Discrepancy Column
0,000C65-E,2019-03-31 00:00:00 +0000,Value,Hedge Fund,Medium,40215.0,1,
1,000C6K-E,2018-02-28 00:00:00 +0000,GARP,Hedge Fund,,,0,
2,000C8R-E,2019-03-31 00:00:00 +0000,Aggressive Growth,Hedge Fund,High,895.0,1,
3,000C90-E,2008-09-30 00:00:00 +0000,,Hedge Fund,,,1,
4,000CK2-E,2000-09-29 00:00:00 +0000,,Hedge Fund,,,0,
5,000CN3-E,2019-03-31 00:00:00 +0000,Deep Value,Hedge Fund,Low,2820.0,1,
6,000CND-E,2019-03-31 00:00:00 +0000,Value,Hedge Fund,High,30747.0,1,
7,000FFT-E,2019-03-31 00:00:00 +0000,Deep Value,Hedge Fund,Medium,182.0,1,
8,000HK7-E,2006-03-31 00:00:00 +0000,,Hedge Fund,,,1,
9,000JCY-E,2018-05-01 00:00:00 +0000,,Hedge Fund,,,1,
10,000JGK-E,2019-03-31 00:00:00 +0000,Aggressive Growth,Hedge Fund,Medium,33643.0,1,
11,000LT6-E,,,Hedge Fund,,,1,
12,000LVP-E,2011-12-31 00:00:00 +0000,,Hedge Fund,,,1,
13,000LXL-E,2019-03-31 00:00:00 +0000,Yield,Hedge Fund,Low,,1,
14,000NXG-E,2017-03-20 00:00:00 +0000,,Hedge Fund,,,1,
15,000P0M-E,2017-11-21 00:00:00 +0000,Yield,Hedge Fund,,31.0,0,
16,000PF7-E,2012-09-30 00:00:00 +0000,,Hedge Fund,,,1,
17,000PQ2-E,,,Hedge Fund,,,0,
18,000VKD-E,2017-04-10 00:00:00 +0000,,Hedge Fund,,,0,
19,000VN1-E,2019-03-31 00:00:00 +0000,Growth,Hedge Fund,Low,157.0,1,
20,000VR8-E,2018-12-31 00:00:00 +0000,Value,Hedge Fund,,,0,N/A
21,000YSW-E,2006-05-09 00:00:00 +0000,,Hedge Fund,,,1,N/A
22,000Z45-E,,,Hedge Fund,,694.0,0,N/A
23,000ZFK-E,2017-03-10 00:00:00 +0000,,Hedge Fund,,,1,N/A
24,0010BL-E,2019-03-31 00:00:00 +0000,Value,Hedge Fund,,,1,N/A
25,0010FM-E,2019-03-31 00:00:00 +0000,Growth,Hedge Fund,Medium,,1,N/A
26,0010SD-E,2019-02-01 00:00:00 +0000,GARP,Hedge Fund,,,0,N/A
27,00116S-E,2008-12-31 00:00:00 +0000,,Hedge Fund,,,1,N/A
28,0011J1-E,2007-03-31 00:00:00 +0000,,Hedge Fund,,,1,N/A
29,0011TN-E,2018-10-17 00:00:00 +0000,,Hedge Fund,,574.0,0,N/A
30,0011XG-E,2007-09-30 00:00:00 +0000,,Hedge Fund,,,1,N/A
31,0011Y4-E,2019-03-31 00:00:00 +0000,Aggressive Growth,Hedge Fund,Medium,1901.0,1,N/A
32,0012MH-E,2019-03-31 00:00:00 +0000,Aggressive Growth,Hedge Fund,High,1703.0,1,N/A
33,0012ZV-E,2019-03-31 00:00:00 +0000,Aggressive Growth,Hedge Fund,High,29099.0,1,N/A
34,00132N-E,2019-03-31 00:00:00 +0000,Aggressive Growth,Hedge Fund,High,2482.0,1,N/A
35,00134N-E,2019-03-31 00:00:00 +0000,Aggressive Growth,Hedge Fund,Very Low,2725.0,1,N/A
36,001358-E,2019-03-31 00:00:00 +0000,Deep Value,Hedge Fund,High,741.0,1,N/A
37,0013X9-E,2019-03-31 00:00:00 +0000,Yield,Hedge Fund,Very Low,25066.0,1,N/A
38,0013XN-E,2019-04-01 00:00:00 +0000,GARP,Hedge Fund,,,0,N/A
39,0013ZM-E,2019-03-31 00:00:00 +0000,Aggressive Growth,Hedge Fund,Very Low,182.0,1,N/A
40,00140T-E,2019-03-31 00:00:00 +0000,Aggressive Growth,Hedge Fund,High,28579.0,1,N/A
41,0014VV-E,,,Hedge Fund,,,0,N/A
42,0016FP-E,2019-03-31 00:00:00 +0000,Aggressive Growth,Hedge Fund,Low,10074.0,1,N/A
43,0016HY-E,2012-03-31 00:00:00 +0000,,Hedge Fund,,,1,N/A
44,0016Z2-E,2019-03-31 00:00:00 +0000,Aggressive Growth,Hedge Fund,Medium,,1,N/A
45,00176H-E,2019-03-31 00:00:00 +0000,Aggressive Growth,Hedge Fund,High,1397.0,1,N/A
46,00179W-E,2019-03-31 00:00:00 +0000,Aggressive Growth,Hedge Fund,Medium,,1,N/A
47,0017GJ-E,2019-03-15 00:00:00 +0000,Aggressive Growth,Hedge Fund,,50.0,0,N/A
48,0017HB-E,2005-01-12 00:00:00 +0000,,Hedge Fund,,,1,N/A
49,0017ZB-E,2008-12-31 00:00:00 +0000,,Hedge Fund,,,1,N/A
50,0018BF-E,2005-11-14 00:00:00 +0000,,Hedge Fund,,,1,N/A
51,0018FW-E,2014-01-27 00:00:00 +0000,,Hedge Fund,,,1,N/A
52,0018XT-E,2019-03-31 00:00:00 +0000,Value,Hedge Fund,High,36060.0,1,N/A
53,001BMP-E,2019-04-22 00:00:00 +0000,Deep Value,Hedge Fund,,,0,N/A
54,001BQN-E,2019-03-31 00:00:00 +0000,Deep Value,Hedge Fund,Very Low,372.0,1,N/A
55,001BRP-E,2016-06-30 00:00:00 +0000,,Hedge Fund,,,1,N/A
56,001CMV-E,2008-09-30 00:00:00 +0000,,Hedge Fund,,,1,N/A
57,001DDN-E,,,Hedge Fund,,,0,N/A
58,001DGK-E,2019-03-31 00:00:00 +0000,Aggressive Growth,Hedge Fund,Medium,,1,N/A
59,001DN5-E,2018-07-20 00:00:00 +0000,GARP,Hedge Fund,,552.0,0,N/A
60,001DTQ-E,2007-10-31 00:00:00 +0000,,Hedge Fund,,,1,N/A
61,001F5Z-E,2019-03-31 00:00:00 +0000,Aggressive Growth,Hedge Fund,,,1,N/A
62,001FCX-E,2012-12-31 00:00:00 +0000,,Hedge Fund,,,0,N/A
63,001G5D-E,2010-12-31 00:00:00 +0000,,Hedge Fund,,,1,N/A
64,001H9C-E,2019-03-31 00:00:00 +0000,Aggressive Growth,Hedge Fund,Medium,686.0,1,N/A
65,001H9G-E,2009-06-30 00:00:00 +0000,,Hedge Fund,,,1,N/A
66,001J02-E,2015-09-30 00:00:00 +0000,,Hedge Fund,,,1,N/A
67,001JJT-E,2007-08-30 00:00:00 +0000,,Hedge Fund,,,0,N/A
68,001KZT-E,2014-02-24 00:00:00 +0000,,Hedge Fund,,,1,N/A
69,001LH5-E,2015-12-31 00:00:00 +0000,,Hedge Fund,,76.0,0,N/A
70,001LRL-E,2018-06-07 00:00:00 +0000,Yield,Hedge Fund,,1886.0,0,N/A
71,001LTJ-E,2019-04-08 00:00:00 +0000,Aggressive Growth,Hedge Fund,,,0,N/A
72,001M86-E,2019-03-31 00:00:00 +0000,Value,Hedge Fund,Medium,8736.0,1,N/A
73,001MWW-E,2015-09-30 00:00:00 +0000,,Hedge Fund,,,1,N/A
74,001P2K-E,,,Hedge Fund,,,0,N/A
75,001P7Y-E,2009-09-30 00:00:00 +0000,,Hedge Fund,,,1,N/A
76,001PJY-E,2019-03-31 00:00:00 +0000,Value,Hedge Fund,Very Low,1856.0,1,N/A
77,001PKQ-E,2013-03-31 00:00:00 +0000,,Hedge Fund,,,0,N/A
78,001Q0T-E,2019-03-31 00:00:00 +0000,Value,Hedge Fund,Medium,2232.0,1,N/A
79,001Q1T-E,2019-03-31 00:00:00 +0000,Yield,Hedge Fund,Medium,174.0,1,N/A
80,001Q8G-E,,,Hedge Fund,,5024.0,0,N/A
81,001QW9-E,2011-06-30 00:00:00 +0000,,Hedge Fund,,,1,N/A
82,001RH3-E,2018-12-31 00:00:00 +0000,GARP,Hedge Fund,,76.0,0,N/A
83,001S4P-E,2019-03-31 00:00:00 +0000,Deep Value,Hedge Fund,Very Low,,1,N/A
84,001SBP-E,2006-12-31 00:00:00 +0000,,Hedge Fund,,,1,N/A
85,001SHD-E,2018-12-31 00:00:00 +0000,Aggressive Growth,Hedge Fund,,,0,N/A
86,001T00-E,2011-12-10 00:00:00 +0000,,Hedge Fund,,,0,N/A
87,001T4W-E,2014-09-30 00:00:00 +0000,,Hedge Fund,,,0,N/A
88,001TFZ-E,2019-03-31 00:00:00 +0000,Value,Hedge Fund,Very High,2632.0,1,N/A
89,001TK8-E,2019-03-31 00:00:00 +0000,Deep Value,Hedge Fund,Medium,67863.0,1,N/A
90,001TLD-E,2019-03-31 00:00:00 +0000,Deep Value,Hedge Fund,Medium,3854.0,1,N/A
91,001TYJ-E,2008-08-04 00:00:00 +0000,,Hedge Fund,,,1,N/A
92,001V32-E,2018-12-31 00:00:00 +0000,Aggressive Growth,Hedge Fund,,,0,N/A
93,001VR9-E,2019-03-31 00:00:00 +0000,Aggressive Growth,Hedge Fund,High,42972.0,1,N/A
94,001W3Q-E,2019-03-31 00:00:00 +0000,Aggressive Growth,Hedge Fund,Very Low,,1,N/A
95,001W41-E,,,Hedge Fund,,,0,N/A
96,001WYK-E,,,Hedge Fund,,48330.0,0,N/A
97,001Y8F-E,2014-08-31 00:00:00 +0000,,Hedge Fund,,,1,N/A
98,001YD6-E,2019-03-31 00:00:00 +0000,Aggressive Growth,Hedge Fund,Medium,48415.0,1,N/A
99,001YPY-E,,,Hedge Fund,,,0,N/A
100,001Z1N-E,2011-06-30 00:00:00 +0000,,Hedge Fund,,,1,N/A
101,001Z79-E,2019-03-31 00:00:00 +0000,Deep Value,Hedge Fund,Very Low,108.0,1,N/A
102,001ZRD-E,2005-02-28 00:00:00 +0000,GARP,Hedge Fund,,,0,N/A
103,001ZVG-E,,,Hedge Fund,,,0,N/A
104,001ZYX-E,2008-09-30 00:00:00 +0000,,Hedge Fund,,,1,N/A
105,002074-E,,,Hedge Fund,,,0,N/A
106,00208Z-E,2019-03-31 00:00:00 +0000,Aggressive Growth,Hedge Fund,Very Low,,1,N/A
107,0020Z0-E,2019-03-31 00:00:00 +0000,Value,Hedge Fund,Very Low,,1,N/A
108,0020ZT-E,2009-03-31 00:00:00 +0000,,Hedge Fund,,,1,N/A
109,0021HZ-E,2019-04-30 00:00:00 +0000,Aggressive Growth,Hedge Fund,Very Low,,0,N/A
110,0021QB-E,2019-03-31 00:00:00 +0000,Aggressive Growth,Hedge Fund,,,1,N/A
111,0022H4-E,2019-03-31 00:00:00 +0000,Aggressive Growth,Hedge Fund,Medium,32100.0,1,N/A
112,0022Z8-E,2011-12-31 00:00:00 +0000,,Hedge Fund,,,1,N/A
113,002340-E,2019-03-31 00:00:00 +0000,Growth,Hedge Fund,Medium,3321.0,1,N/A
114,0023D5-E,2019-03-31 00:00:00 +0000,GARP,Hedge Fund,Medium,1265.0,1,N/A
115,00245B-E,2019-03-31 00:00:00 +0000,Value,Hedge Fund,Medium,744.0,1,N/A
116,0024FZ-E,,,Hedge Fund,,,0,N/A
117,0024G2-E,2005-03-03 00:00:00 +0000,,Hedge Fund,,,0,N/A
118,0024GN-E,2019-03-31 00:00:00 +0000,Value,Hedge Fund,Low,295.0,1,N/A
119,0024Q4-E,2019-03-31 00:00:00 +0000,Value,Hedge Fund,Low,21353.0,1,N/A
120,00253Y-E,,,Hedge Fund,,,0,N/A
121,002544-E,2013-04-15 00:00:00 +0000,,Hedge Fund,,,1,N/A
122,002656-E,2019-03-31 00:00:00 +0000,Aggressive Growth,Hedge Fund,High,15990.0,1,N/A
123,00266Z-E,2010-03-31 00:00:00 +0000,,Hedge Fund,,,1,N/A
124,0026MR-E,2005-06-30 00:00:00 +0000,,Hedge Fund,,,1,N/A
125,0027WG-E,,,Hedge Fund,,,1,N/A
126,00285H-E,2006-12-31 00:00:00 +0000,,Hedge Fund,,,1,N/A
127,0029TB-E,2008-09-30 00:00:00 +0000,,Hedge Fund,,,0,N/A
128,0029VD-E,2000-06-07 00:00:00 +0000,,Hedge Fund,,,1,N/A
129,0029W3-E,2019-03-31 00:00:00 +0000,Deep Value,Hedge Fund,Medium,502.0,1,N/A
130,002B0Y-E,2007-03-22 00:00:00 +0000,,Hedge Fund,,,0,N/A
131,002B2T-E,2005-12-31 00:00:00 +0000,,Hedge Fund,,,0,N/A
132,002BX9-E,2018-05-14 00:00:00 +0000,Deep Value,Hedge Fund,,,0,N/A
133,002C4W-E,2007-09-10 00:00:00 +0000,,Hedge Fund,,,1,N/A
134,002C68-E,2008-09-30 00:00:00 +0000,,Hedge Fund,,,1,N/A
135,002CS5-E,2019-03-31 00:00:00 +0000,Value,Hedge Fund,Very Low,18699.0,1,N/A
136,002CZ9-E,2019-03-31 00:00:00 +0000,Aggressive Growth,Hedge Fund,High,,1,N/A
137,002DDZ-E,2010-09-30 00:00:00 +0000,,Hedge Fund,,,1,N/A
138,002DFS-E,2019-03-31 00:00:00 +0000,Growth,Hedge Fund,High,14943.0,1,N/A
139,002DKJ-E,2016-12-31 00:00:00 +0000,,Hedge Fund,,,1,N/A
140,002DZN-E,2019-03-31 00:00:00 +0000,Yield,Hedge Fund,Medium,,1,N/A
141,002F3R-E,,,Hedge Fund,,,0,N/A
142,002F9P-E,2019-03-31 00:00:00 +0000,Aggressive Growth,Hedge Fund,Medium,14600.0,1,N/A
143,002FVQ-E,2019-03-31 00:00:00 +0000,Aggressive Growth,Hedge Fund,Medium,25937.0,1,N/A
144,002GF2-E,,,Hedge Fund,,,0,N/A
145,002GFZ-E,2011-09-30 00:00:00 +0000,,Hedge Fund,,,1,N/A
146,002GK8-E,2015-12-31 00:00:00 +0000,,Hedge Fund,,,1,N/A
147,002GTL-E,2011-04-01 00:00:00 +0000,,Hedge Fund,,,1,N/A
148,002GZZ-E,2014-02-28 00:00:00 +0000,,Hedge Fund,,,1,N/A
149,002H22-E,2006-12-31 00:00:00 +0000,,Hedge Fund,,,1,N/A
150,002H4C-E,2019-04-26 00:00:00 +0000,Aggressive Growth,Hedge Fund,,249.0,0,N/A
151,002H97-E,2011-03-31 00:00:00 +0000,,Hedge Fund,,,0,N/A
152,002HB5-E,2011-09-30 00:00:00 +0000,,Hedge Fund,,,1,N/A
153,002HCW-E,2013-12-31 00:00:00 +0000,,Hedge Fund,,,1,N/A
154,002HDR-E,2009-03-31 00:00:00 +0000,,Hedge Fund,,67.0,0,N/A
155,002HDY-E,2019-03-31 00:00:00 +0000,Aggressive Growth,Hedge Fund,Low,5886.0,1,N/A
156,002HFC-E,2017-09-30 00:00:00 +0000,,Hedge Fund,,,1,N/A
157,002HFD-E,2019-03-31 00:00:00 +0000,GARP,Hedge Fund,Medium,7495.0,1,N/A
158,002HFS-E,2018-03-02 00:00:00 +0000,,Hedge Fund,,,0,N/A
159,002HFX-E,2019-03-31 00:00:00 +0000,Growth,Hedge Fund,Medium,10948.0,1,N/A
160,002HKH-E,2006-03-07 00:00:00 +0000,,Hedge Fund,,,1,N/A
161,002HLM-E,2019-03-31 00:00:00 +0000,Aggressive Growth,Hedge Fund,Medium,552.0,1,N/A
162,002HMF-E,2019-03-31 00:00:00 +0000,Aggressive Growth,Hedge Fund,High,9467.0,1,N/A
163,002HMH-E,,,Hedge Fund,,,1,N/A
164,002HNM-E,,,Hedge Fund,,,0,N/A
165,002HP1-E,2017-01-10 00:00:00 +0000,,Hedge Fund,,,1,N/A
166,002HP4-E,2019-03-31 00:00:00 +0000,Growth,Hedge Fund,High,20570.0,1,N/A
167,002HP7-E,2013-03-04 00:00:00 +0000,,Hedge Fund,,,1,N/A
168,002HPR-E,2008-03-25 00:00:00 +0000,,Hedge Fund,,,1,N/A
169,002HPZ-E,2012-09-30 00:00:00 +0000,,Hedge Fund,,,0,N/A
170,002HQV-E,2015-12-31 00:00:00 +0000,,Hedge Fund,,,1,N/A
171,002HR5-E,2019-03-31 00:00:00 +0000,Aggressive Growth,Hedge Fund,High,3197.0,1,N/A
172,002HR6-E,2015-09-30 00:00:00 +0000,,Hedge Fund,,,1,N/A
173,002HRF-E,2019-03-31 00:00:00 +0000,Growth,Hedge Fund,Very High,16311.0,1,N/A
174,002HRY-E,2005-06-30 00:00:00 +0000,,Hedge Fund,,,1,N/A
175,002HT8-E,,,Hedge Fund,,,0,N/A
176,002HVD-E,2014-12-31 00:00:00 +0000,,Hedge Fund,,,1,N/A
177,002HVP-E,2019-03-31 00:00:00 +0000,Growth,Hedge Fund,Low,715.0,1,N/A
178,002HW1-E,2015-09-30 00:00:00 +0000,GARP,Hedge Fund,,,0,N/A
179,002HWL-E,2009-12-31 00:00:00 +0000,,Hedge Fund,,,1,N/A
180,002HWN-E,2012-08-31 00:00:00 +0000,,Hedge Fund,,,1,N/A
181,002HXC-E,2019-03-31 00:00:00 +0000,Aggressive Growth,Hedge Fund,High,199.0,1,N/A
182,002HXK-E,2012-06-30 00:00:00 +0000,,Hedge Fund,,,1,N/A
183,002HXV-E,2019-03-31 00:00:00 +0000,Aggressive Growth,Hedge Fund,Medium,1851.0,1,N/A
184,002HZR-E,2019-03-31 00:00:00 +0000,Growth,Hedge Fund,Low,1766.0,1,N/A
185,002HZW-E,2019-03-31 00:00:00 +0000,GARP,Hedge Fund,Low,715.0,1,N/A
186,002HZX-E,2019-03-31 00:00:00 +0000,Aggressive Growth,Hedge Fund,Very Low,3422.0,1,N/A
187,002J17-E,,,Hedge Fund,,,0,N/A
188,002J1R-E,2019-03-31 00:00:00 +0000,Growth,Hedge Fund,High,20456.0,1,N/A
189,002J39-E,2006-12-31 00:00:00 +0000,,Hedge Fund,,,1,N/A
190,002J3K-E,2016-09-30 00:00:00 +0000,,Hedge Fund,,,1,N/A
191,002J3W-E,2019-03-31 00:00:00 +0000,Growth,Hedge Fund,Very Low,796.0,1,N/A
192,002J41-E,2019-03-31 00:00:00 +0000,Aggressive Growth,Hedge Fund,Medium,130945.0,1,N/A
193,002J4S-E,2018-12-31 00:00:00 +0000,,Hedge Fund,,6993.0,0,N/A
194,002J57-E,2019-03-31 00:00:00 +0000,Aggressive Growth,Hedge Fund,Low,1595.0,1,N/A
195,002J5H-E,2013-08-14 00:00:00 +0000,,Hedge Fund,,,1,N/A
196,002J5N-E,2019-03-31 00:00:00 +0000,Growth,Hedge Fund,Very Low,4738.0,1,N/A
197,002J6G-E,2019-03-31 00:00:00 +0000,Aggressive Growth,Hedge Fund,Medium,744.0,1,N/A
198,002J7Z-E,2007-09-30 00:00:00 +0000,,Hedge Fund,,,1,N/A
199,002J87-E,2010-03-31 00:00:00 +0000,,Hedge Fund,,,1,N/A
200,002JCR-E,,,Hedge Fund,,,1,N/A
201,002JJY-E,2019-03-31 00:00:00 +0000,Aggressive Growth,Hedge Fund,High,9350.0,1,N/A
202,002JKF-E,2019-03-31 00:00:00 +0000,Aggressive Growth,Hedge Fund,Medium,80097.0,1,N/A
203,002JLJ-E,2007-12-31 00:00:00 +0000,,Hedge Fund,,,1,N/A
204,002JZ5-E,2007-06-30 00:00:00 +0000,,Hedge Fund,,,0,N/A
205,002K07-E,2005-01-13 00:00:00 +0000,,Hedge Fund,,,1,N/A
206,002K0C-E,2009-02-24 00:00:00 +0000,,Hedge Fund,,,1,N/A
207,002K35-E,2019-03-31 00:00:00 +0000,Yield,Hedge Fund,Low,,1,N/A
208,002K5H-E,2008-09-30 00:00:00 +0000,,Hedge Fund,,,1,N/A
209,002KCX-E,2019-03-31 00:00:00 +0000,GARP,Hedge Fund,Medium,,1,N/A
210,002KFT-E,2011-09-30 00:00:00 +0000,,Hedge Fund,,,1,N/A
211,002KJS-E,2012-12-31 00:00:00 +0000,,Hedge Fund,,,1,N/A
212,002L82-E,2012-09-30 00:00:00 +0000,,Hedge Fund,,,0,N/A
213,002LHN-E,2019-03-31 00:00:00 +0000,Value,Hedge Fund,Medium,1183.0,1,N/A
214,002LRJ-E,2018-12-31 00:00:00 +0000,,Hedge Fund,,129.0,0,N/A
215,002LTL-E,,,Hedge Fund,,,0,N/A
216,002LY0-E,2013-06-30 00:00:00 +0000,,Hedge Fund,,,0,N/A
217,002M54-E,2018-12-31 00:00:00 +0000,,Hedge Fund,,173.0,0,N/A
218,002MW6-E,2019-03-31 00:00:00 +0000,Growth,Hedge Fund,High,,1,N/A
219,002NGP-E,2008-09-30 00:00:00 +0000,,Hedge Fund,,,1,N/A
220,002NVS-E,2014-03-03 00:00:00 +0000,,Hedge Fund,,,1,N/A
221,002P3C-E,2018-01-02 00:00:00 +0000,,Hedge Fund,,,0,N/A
222,002P8N-E,2004-08-11 00:00:00 +0000,,Hedge Fund,,,0,N/A
223,002P9V-E,2019-03-31 00:00:00 +0000,Aggressive Growth,Hedge Fund,Very Low,323.0,1,N/A
224,002PCB-E,2015-02-17 00:00:00 +0000,,Hedge Fund,,,1,N/A
225,002PDZ-E,,,Hedge Fund,,,0,N/A
226,002PFM-E,2019-03-31 00:00:00 +0000,GARP,Hedge Fund,High,43873.0,1,N/A
227,002PTG-E,2014-07-01 00:00:00 +0000,,Hedge Fund,,,0,N/A
228,002QKC-E,2008-12-31 00:00:00 +0000,,Hedge Fund,,,0,N/A
229,002S10-E,2019-04-15 00:00:00 +0000,GARP,Hedge Fund,,,0,N/A
230,002S5Q-E,2019-05-02 00:00:00 +0000,GARP,Hedge Fund,,,0,N/A
231,002SBB-E,2019-03-31 00:00:00 +0000,Deep Value,Hedge Fund,Medium,490.0,1,N/A
232,002SQ3-E,2019-03-31 00:00:00 +0000,Aggressive Growth,Hedge Fund,Medium,1931.0,1,N/A
233,002SQC-E,2009-09-30 00:00:00 +0000,,Hedge Fund,,,1,N/A
234,002SXM-E,2019-03-31 00:00:00 +0000,GARP,Hedge Fund,,,1,N/A
235,002T26-E,2010-12-31 00:00:00 +0000,,Hedge Fund,,,0,N/A
236,002T2S-E,2010-03-25 00:00:00 +0000,,Hedge Fund,,,1,N/A
237,002T3G-E,,,Hedge Fund,,,1,N/A
238,002T44-E,2010-10-31 00:00:00 +0000,,Hedge Fund,,,1,N/A
239,002T49-E,,,Hedge Fund,,,0,N/A
240,002T5P-E,2012-06-30 00:00:00 +0000,,Hedge Fund,,,0,N/A
241,002T68-E,2004-09-17 00:00:00 +0000,,Hedge Fund,,,1,N/A
242,002T6T-E,,,Hedge Fund,,,1,N/A
243,002T7Z-E,2009-03-31 00:00:00 +0000,,Hedge Fund,,,1,N/A
244,002T9S-E,2019-03-31 00:00:00 +0000,Deep Value,Hedge Fund,Medium,10461.0,1,N/A
245,002TCB-E,2019-03-31 00:00:00 +0000,Value,Hedge Fund,Low,6035.0,1,N/A
246,002TCM-E,2014-08-01 00:00:00 +0000,,Hedge Fund,,,1,N/A
247,002TH3-E,2011-09-30 00:00:00 +0000,,Hedge Fund,,,1,N/A
248,002THM-E,2007-04-02 00:00:00 +0000,,Hedge Fund,,,1,N/A
249,002TJ0-E,2019-03-31 00:00:00 +0000,Value,Hedge Fund,High,664.0,1,N/A
250,002TL6-E,2019-03-31 00:00:00 +0000,Aggressive Growth,Hedge Fund,Very Low,7042.0,1,N/A
251,002TNC-E,,,Hedge Fund,,,1,N/A
252,002TNZ-E,2019-03-31 00:00:00 +0000,Growth,Hedge Fund,Medium,2750.0,1,N/A
253,002TQ2-E,2013-09-30 00:00:00 +0000,,Hedge Fund,,,0,N/A
254,002TRD-E,2019-03-31 00:00:00 +0000,Aggressive Growth,Hedge Fund,Medium,34738.0,1,N/A
255,002TTR-E,,,Hedge Fund,,,1,N/A
256,002TWC-E,2010-09-30 00:00:00 +0000,,Hedge Fund,,,1,N/A
257,002TWV-E,,,Hedge Fund,,,1,N/A
258,002TX2-E,2017-12-31 00:00:00 +0000,GARP,Hedge Fund,,758.0,0,N/A
259,002TXY-E,2008-09-01 00:00:00 +0000,,Hedge Fund,,,1,N/A
260,002TYF-E,2007-09-30 00:00:00 +0000,,Hedge Fund,,,1,N/A
261,002V00-E,2016-01-04 00:00:00 +0000,,Hedge Fund,,,1,N/A
262,002V70-E,2019-03-31 00:00:00 +0000,Deep Value,Hedge Fund,Low,909.0,1,N/A
263,002V8D-E,,,Hedge Fund,,,1,N/A
264,002VFW-E,2019-03-31 00:00:00 +0000,Aggressive Growth,Hedge Fund,High,11799.0,1,N/A
265,002VM0-E,2008-12-31 00:00:00 +0000,,Hedge Fund,,,1,N/A
266,002VWN-E,2019-03-07 00:00:00 +0000,Value,Hedge Fund,,,0,N/A
267,002W0N-E,2014-09-30 00:00:00 +0000,,Hedge Fund,,,0,N/A
268,002W0R-E,,,Hedge Fund,,,0,N/A
269,002WC9-E,2007-12-31 00:00:00 +0000,,Hedge Fund,,,1,N/A
270,002WJL-E,,,Hedge Fund,,,1,N/A
271,002XFZ-E,2013-03-31 00:00:00 +0000,,Hedge Fund,,,0,N/A
272,002XHS-E,2019-03-31 00:00:00 +0000,Aggressive Growth,Hedge Fund,Very Low,10096.0,1,N/A
273,002Y31-E,2015-12-31 00:00:00 +0000,,Hedge Fund,,,1,N/A
274,002Y6P-E,2008-12-31 00:00:00 +0000,,Hedge Fund,,,1,N/A
275,002ZJ6-E,2019-03-31 00:00:00 +0000,Deep Value,Hedge Fund,Very Low,503.0,1,N/A
276,002ZZ8-E,2013-09-30 00:00:00 +0000,,Hedge Fund,,58.0,0,N/A
277,003042-E,,,Hedge Fund,,,1,N/A
278,00318B-E,2012-06-30 00:00:00 +0000,,Hedge Fund,,,1,N/A
279,0031Z8-E,2019-03-31 00:00:00 +0000,Deep Value,Hedge Fund,Very Low,,1,N/A
280,003261-E,2019-03-31 00:00:00 +0000,Value,Hedge Fund,,1078.0,1,N/A
281,0033CR-E,2008-04-30 00:00:00 +0000,,Hedge Fund,,,0,N/A
282,0033N2-E,2019-03-31 00:00:00 +0000,Value,Hedge Fund,Very Low,16478.0,1,N/A
283,0033SG-E,2010-09-07 00:00:00 +0000,GARP,Hedge Fund,,,0,N/A
284,0033TD-E,2019-02-01 00:00:00 +0000,GARP,Hedge Fund,,,0,N/A
285,0033YG-E,2009-03-23 00:00:00 +0000,,Hedge Fund,,,0,N/A
286,0034JJ-E,2004-09-30 00:00:00 +0000,,Hedge Fund,,,1,N/A
287,0034V2-E,,,Hedge Fund,,,1,N/A
288,0034XZ-E,2009-03-31 00:00:00 +0000,,Hedge Fund,,,1,N/A
289,0034ZP-E,2014-07-18 00:00:00 +0000,,Hedge Fund,,,1,N/A
290,00351Q-E,2011-06-30 00:00:00 +0000,,Hedge Fund,,,1,N/A
291,003536-E,,,Hedge Fund,,,1,N/A
292,00353F-E,2007-09-30 00:00:00 +0000,,Hedge Fund,,,1,N/A
293,00353R-E,2019-03-31 00:00:00 +0000,Deep Value,Hedge Fund,Medium,1654.0,1,N/A
294,00353S-E,,,Hedge Fund,,,0,N/A
295,003546-E,2018-09-30 00:00:00 +0000,GARP,Hedge Fund,,1397.0,0,N/A
296,00357X-E,2005-06-30 00:00:00 +0000,,Hedge Fund,,,1,N/A
297,0035C1-E,2006-04-03 00:00:00 +0000,,Hedge Fund,,,0,N/A
298,0035CN-E,2006-12-31 00:00:00 +0000,,Hedge Fund,,,1,N/A
299,0035G1-E,2018-12-31 00:00:00 +0000,GARP,Hedge Fund,,,1,N/A
300,0035G5-E,2018-06-30 00:00:00 +0000,,Hedge Fund,,2671.0,1,N/A
301,0035G6-E,2010-03-31 00:00:00 +0000,,Hedge Fund,,,1,N/A
302,0035GR-E,2009-09-30 00:00:00 +0000,,Hedge Fund,,,1,N/A
303,0035H3-E,2013-12-31 00:00:00 +0000,,Hedge Fund,,,1,N/A
304,0035J6-E,2004-09-30 00:00:00 +0000,,Hedge Fund,,,0,N/A
305,0035K7-E,2008-09-30 00:00:00 +0000,,Hedge Fund,,,1,N/A
306,0035KC-E,2008-06-30 00:00:00 +0000,,Hedge Fund,,,0,N/A
307,0035LK-E,2019-03-31 00:00:00 +0000,GARP,Hedge Fund,Very Low,464.0,1,N/A
308,0035PV-E,2017-09-30 00:00:00 +0000,,Hedge Fund,,,0,N/A
309,0035Q7-E,2001-11-07 00:00:00 +0000,,Hedge Fund,,,1,N/A
310,0035QZ-E,2019-03-31 00:00:00 +0000,Aggressive Growth,Hedge Fund,Very High,4886.0,1,N/A
311,0035RP-E,2008-09-30 00:00:00 +0000,,Hedge Fund,,,1,N/A
312,0035RS-E,2019-03-31 00:00:00 +0000,Value,Hedge Fund,High,718.0,1,N/A
313,0035TM-E,2019-03-31 00:00:00 +0000,Aggressive Growth,Hedge Fund,High,12134.0,1,N/A
314,0035W9-E,2015-12-31 00:00:00 +0000,,Hedge Fund,,,1,N/A
315,0035YP-E,2008-03-31 00:00:00 +0000,,Hedge Fund,,,1,N/A
316,003654-E,2009-12-31 00:00:00 +0000,,Hedge Fund,,198.0,0,N/A
317,003659-E,2019-03-31 00:00:00 +0000,Aggressive Growth,Hedge Fund,Medium,21082.0,1,N/A
318,0036G4-E,2013-07-01 00:00:00 +0000,,Hedge Fund,,38.0,0,N/A
319,0036JX-E,2019-03-31 00:00:00 +0000,Deep Value,Hedge Fund,Low,290.0,1,N/A
320,0036ND-E,2018-03-31 00:00:00 +0000,,Hedge Fund,,,1,N/A
321,0036VB-E,2004-09-30 00:00:00 +0000,,Hedge Fund,,,1,N/A
322,0037CW-E,2019-03-31 00:00:00 +0000,Growth,Hedge Fund,Medium,19836.0,1,N/A
323,0037W1-E,2008-12-31 00:00:00 +0000,,Hedge Fund,,,0,N/A
324,00382L-E,2018-08-31 00:00:00 +0000,GARP,Hedge Fund,,53.0,0,N/A
325,003845-E,2019-03-31 00:00:00 +0000,Growth,Hedge Fund,High,965.0,1,N/A
326,0038K2-E,2016-03-31 00:00:00 +0000,,Hedge Fund,,93.0,0,N/A
327,0038TJ-E,2005-12-19 00:00:00 +0000,,Hedge Fund,,,0,N/A
328,003BXF-E,2004-12-31 00:00:00 +0000,,Hedge Fund,,,0,N/A
329,003C2C-E,2019-05-08 00:00:00 +0000,Deep Value,Hedge Fund,,255.0,0,N/A
330,003C4B-E,2009-06-30 00:00:00 +0000,,Hedge Fund,,,1,N/A
331,003C5H-E,2015-02-11 00:00:00 +0000,,Hedge Fund,,,0,N/A
332,003CLY-E,2011-06-01 00:00:00 +0000,,Hedge Fund,,,1,N/A
333,003CM3-E,2006-09-30 00:00:00 +0000,,Hedge Fund,,,1,N/A
334,003DHL-E,2019-03-31 00:00:00 +0000,Yield,Hedge Fund,Very Low,5347.0,1,N/A
335,003G6W-E,2006-09-30 00:00:00 +0000,,Hedge Fund,,,1,N/A
336,003G7K-E,2010-12-31 00:00:00 +0000,,Hedge Fund,,,1,N/A
337,003GDK-E,2008-06-30 00:00:00 +0000,,Hedge Fund,,,1,N/A
338,003GWP-E,2018-12-31 00:00:00 +0000,Growth,Hedge Fund,,157.0,0,N/A
339,003H1V-E,2013-06-26 00:00:00 +0000,,Hedge Fund,,,0,N/A
340,003H7V-E,2007-04-19 00:00:00 +0000,,Hedge Fund,,,1,N/A
341,003HDJ-E,2019-03-31 00:00:00 +0000,Yield,Hedge Fund,Very Low,37904.0,1,N/A
342,003HKC-E,2019-03-31 00:00:00 +0000,Deep Value,Hedge Fund,Very Low,24324.0,1,N/A
343,003HRN-E,2010-12-31 00:00:00 +0000,,Hedge Fund,,,1,N/A
344,003HTK-E,,,Hedge Fund,,1191.0,0,N/A
345,003HVP-E,2019-03-31 00:00:00 +0000,Aggressive Growth,Hedge Fund,Medium,46487.0,1,N/A
346,003HW3-E,2013-06-30 00:00:00 +0000,,Hedge Fund,,,0,N/A
347,003HWX-E,,,Hedge Fund,,,0,N/A
348,003HX7-E,2006-09-30 00:00:00 +0000,,Hedge Fund,,,1,N/A
349,003HZL-E,,,Hedge Fund,,,0,N/A
350,003JL7-E,2006-12-29 00:00:00 +0000,,Hedge Fund,,,1,N/A
351,003JWZ-E,2011-08-15 00:00:00 +0000,GARP,Hedge Fund,,,0,N/A
352,003K1L-E,2019-03-31 00:00:00 +0000,Aggressive Growth,Hedge Fund,Very Low,,1,N/A
353,003KFM-E,2019-03-31 00:00:00 +0000,Value,Hedge Fund,Low,,1,N/A
354,003KG6-E,2012-09-30 00:00:00 +0000,,Hedge Fund,,,0,N/A
355,003KGS-E,2015-09-30 00:00:00 +0000,,Hedge Fund,,,1,N/A
356,003KJ9-E,2007-12-31 00:00:00 +0000,,Hedge Fund,,,1,N/A
357,003KJW-E,2019-03-31 00:00:00 +0000,Growth,Hedge Fund,High,232.0,1,N/A
358,003KKR-E,,,Hedge Fund,,,1,N/A
359,003KPH-E,2005-06-30 00:00:00 +0000,,Hedge Fund,,,1,N/A
360,003KS8-E,2008-04-14 00:00:00 +0000,,Hedge Fund,,,0,N/A
361,003KSP-E,2005-09-30 00:00:00 +0000,,Hedge Fund,,,1,N/A
362,003KTD-E,,,Hedge Fund,,,0,N/A
363,003KW9-E,2019-03-31 00:00:00 +0000,Aggressive Growth,Hedge Fund,Medium,4900.0,1,N/A
364,003KXB-E,2008-01-28 00:00:00 +0000,,Hedge Fund,,,0,N/A
365,003KZ8-E,2018-12-31 00:00:00 +0000,Aggressive Growth,Hedge Fund,,,0,N/A
366,003L03-E,2008-03-11 00:00:00 +0000,GARP,Hedge Fund,,,0,N/A
367,003L64-E,2016-03-31 00:00:00 +0000,,Hedge Fund,,,1,N/A
368,003L68-E,2017-03-31 00:00:00 +0000,,Hedge Fund,,,0,N/A
369,003L6S-E,2019-03-31 00:00:00 +0000,Aggressive Growth,Hedge Fund,Low,2265.0,1,N/A
370,003L6W-E,2005-09-30 00:00:00 +0000,,Hedge Fund,,,1,N/A
371,003L78-E,2012-12-31 00:00:00 +0000,,Hedge Fund,,,1,N/A
372,003L9S-E,2012-03-31 00:00:00 +0000,,Hedge Fund,,,0,N/A
373,003LBB-E,2019-03-31 00:00:00 +0000,Aggressive Growth,Hedge Fund,Medium,203000.0,1,N/A
374,003LC7-E,2019-03-31 00:00:00 +0000,Growth,Hedge Fund,High,,1,N/A
375,003LFW-E,2019-03-31 00:00:00 +0000,Deep Value,Hedge Fund,Very Low,5476.0,1,N/A
376,003LFX-E,2019-03-31 00:00:00 +0000,Deep Value,Hedge Fund,Low,9264.0,1,N/A
377,003LG6-E,2009-09-30 00:00:00 +0000,,Hedge Fund,,,1,N/A
378,003LGJ-E,2019-03-31 00:00:00 +0000,Deep Value,Hedge Fund,Low,2315.0,1,N/A
379,003LGP-E,2014-07-28 00:00:00 +0000,,Hedge Fund,,,1,N/A
380,003LH5-E,2019-03-31 00:00:00 +0000,Aggressive Growth,Hedge Fund,Low,36331.0,1,N/A
381,003LJ9-E,2006-09-30 00:00:00 +0000,,Hedge Fund,,,1,N/A
382,003LJH-E,2006-06-30 00:00:00 +0000,,Hedge Fund,,,1,N/A
383,003MJ7-E,2009-09-30 00:00:00 +0000,,Hedge Fund,,,1,N/A
384,003NB6-E,2012-03-31 00:00:00 +0000,,Hedge Fund,,,0,N/A
385,003Q8H-E,2018-01-17 00:00:00 +0000,GARP,Hedge Fund,,,0,N/A
386,003QG8-E,,,Hedge Fund,,,0,N/A
387,003QRT-E,2015-05-12 00:00:00 +0000,,Hedge Fund,,,0,N/A
388,003RGV-E,2008-12-31 00:00:00 +0000,,Hedge Fund,,,0,N/A
389,003RQ7-E,2019-03-31 00:00:00 +0000,Deep Value,Hedge Fund,High,13305.0,1,N/A
390,003S0G-E,2019-05-01 00:00:00 +0000,GARP,Hedge Fund,,266.0,0,N/A
391,003SZ5-E,,,Hedge Fund,,,0,N/A
392,003TB5-E,2019-03-31 00:00:00 +0000,Yield,Hedge Fund,,8605.0,1,N/A
393,003TDC-E,2015-12-31 00:00:00 +0000,,Hedge Fund,,,0,N/A
394,003TKT-E,2019-03-31 00:00:00 +0000,Deep Value,Hedge Fund,Very Low,5387.0,1,N/A
395,003VFJ-E,,,Hedge Fund,,,0,N/A
396,003VX1-E,2014-04-23 00:00:00 +0000,,Hedge Fund,,,1,N/A
397,003WL1-E,2015-09-30 00:00:00 +0000,,Hedge Fund,,,0,N/A
398,003XR9-E,2013-12-31 00:00:00 +0000,,Hedge Fund,,,1,N/A
399,003XSV-E,,,Hedge Fund,,,1,N/A
400,003XXP-E,2006-11-13 00:00:00 +0000,,Hedge Fund,,,1,N/A
401,003Y75-E,2011-03-09 00:00:00 +0000,,Hedge Fund,,,0,N/A
402,003YQX-E,2012-03-30 00:00:00 +0000,,Hedge Fund,,,0,N/A
403,003Z1Q-E,2012-12-31 00:00:00 +0000,,Hedge Fund,,,0,N/A
404,003Z2H-E,2006-12-08 00:00:00 +0000,,Hedge Fund,,,1,N/A
405,00403M-E,2019-03-31 00:00:00 +0000,Aggressive Growth,Hedge Fund,Very Low,61953.0,1,N/A
406,00405R-E,2009-01-14 00:00:00 +0000,,Hedge Fund,,,0,N/A
407,0040VL-E,2019-03-31 00:00:00 +0000,GARP,Hedge Fund,,,1,N/A
408,0040W1-E,2019-03-31 00:00:00 +0000,Growth,Hedge Fund,Low,298.0,1,N/A
409,004150-E,2006-09-30 00:00:00 +0000,,Hedge Fund,,,1,N/A
410,004180-E,2018-05-28 00:00:00 +0000,GARP,Hedge Fund,,,0,N/A
411,0041QV-E,2015-09-30 00:00:00 +0000,,Hedge Fund,,,0,N/A
412,004254-E,2007-12-31 00:00:00 +0000,,Hedge Fund,,,1,N/A
413,0043R8-E,2019-03-31 00:00:00 +0000,Aggressive Growth,Hedge Fund,High,,1,N/A
414,0044GC-E,2019-03-31 00:00:00 +0000,Aggressive Growth,Hedge Fund,Medium,536.0,1,N/A
415,0046K9-E,,,Hedge Fund,,,0,N/A
416,0046ZB-E,2019-02-04 00:00:00 +0000,Aggressive Growth,Hedge Fund,,,0,N/A
417,0047KD-E,,,Hedge Fund,,,0,N/A
418,004831-E,2013-11-29 00:00:00 +0000,,Hedge Fund,,,0,N/A
419,004912-E,2014-09-30 00:00:00 +0000,,Hedge Fund,,,1,N/A
420,00491B-E,2012-12-31 00:00:00 +0000,,Hedge Fund,,,1,N/A
421,00491P-E,2014-11-20 00:00:00 +0000,GARP,Hedge Fund,,20.0,0,N/A
422,00494J-E,,,Hedge Fund,,,1,N/A
423,00495Q-E,2012-03-31 00:00:00 +0000,,Hedge Fund,,,1,N/A
424,00497R-E,2019-03-04 00:00:00 +0000,GARP,Hedge Fund,,,1,N/A
425,00497Y-E,2012-12-31 00:00:00 +0000,,Hedge Fund,,,1,N/A
426,0049B4-E,2019-03-31 00:00:00 +0000,Aggressive Growth,Hedge Fund,Medium,10423.0,1,N/A
427,0049F1-E,2011-09-30 00:00:00 +0000,,Hedge Fund,,,1,N/A
428,0049F3-E,2015-10-01 00:00:00 +0000,,Hedge Fund,,,1,N/A
429,0049F6-E,2019-03-31 00:00:00 +0000,Growth,Hedge Fund,Low,6416.0,1,N/A
430,0049GS-E,2009-03-31 00:00:00 +0000,,Hedge Fund,,,1,N/A
431,0049H1-E,2019-03-31 00:00:00 +0000,GARP,Hedge Fund,Medium,2909.0,1,N/A
432,0049H2-E,2007-09-30 00:00:00 +0000,,Hedge Fund,,,1,N/A
433,0049H3-E,2007-03-31 00:00:00 +0000,,Hedge Fund,,,1,N/A
434,0049J3-E,2012-12-31 00:00:00 +0000,,Hedge Fund,,,1,N/A
435,0049JC-E,2007-11-19 00:00:00 +0000,,Hedge Fund,,,0,N/A
436,0049JL-E,2017-09-30 00:00:00 +0000,,Hedge Fund,,,1,N/A
437,0049KQ-E,2005-09-30 00:00:00 +0000,,Hedge Fund,,,1,N/A
438,0049LM-E,2019-03-31 00:00:00 +0000,Aggressive Growth,Hedge Fund,High,58230.0,1,N/A
439,0049M3-E,2019-03-31 00:00:00 +0000,GARP,Hedge Fund,,516.0,1,N/A
440,0049M7-E,2008-09-30 00:00:00 +0000,,Hedge Fund,,,1,N/A
441,0049MY-E,2019-03-31 00:00:00 +0000,Aggressive Growth,Hedge Fund,Very High,157888.0,1,N/A
442,0049Q0-E,2019-03-31 00:00:00 +0000,GARP,Hedge Fund,Very Low,1997.0,1,N/A
443,0049Q5-E,2019-03-31 00:00:00 +0000,Aggressive Growth,Hedge Fund,Very High,2985.0,1,N/A
444,0049S1-E,2019-03-31 00:00:00 +0000,Value,Hedge Fund,Low,947.0,1,N/A
445,004B2X-E,2019-03-31 00:00:00 +0000,Growth,Hedge Fund,,,1,N/A
446,004B84-E,2019-05-03 00:00:00 +0000,Deep Value,Hedge Fund,,,0,N/A
447,004BVK-E,2018-09-30 00:00:00 +0000,Deep Value,Hedge Fund,Low,106.0,1,N/A
448,004CRQ-E,2008-10-31 00:00:00 +0000,,Hedge Fund,,,0,N/A
449,004DND-E,2019-03-31 00:00:00 +0000,Aggressive Growth,Hedge Fund,Low,5131.0,1,N/A
450,004DNR-E,2014-12-31 00:00:00 +0000,,Hedge Fund,,,0,N/A
451,004F2T-E,2019-03-31 00:00:00 +0000,Aggressive Growth,Hedge Fund,Very Low,1243.0,1,N/A
452,004F6D-E,2004-04-08 00:00:00 +0000,,Hedge Fund,,,0,N/A
453,004G1S-E,2009-09-30 00:00:00 +0000,,Hedge Fund,,,1,N/A
454,004G3H-E,2019-03-31 00:00:00 +0000,Aggressive Growth,Hedge Fund,Very High,,1,N/A
455,004HXH-E,2019-01-31 00:00:00 +0000,,Hedge Fund,,,0,N/A
456,004HYR-E,2019-03-31 00:00:00 +0000,Aggressive Growth,Hedge Fund,High,2049.0,1,N/A
457,004JBF-E,2019-03-31 00:00:00 +0000,Aggressive Growth,Hedge Fund,Very Low,,1,N/A
458,004L7S-E,2018-05-17 00:00:00 +0000,GARP,Hedge Fund,,,0,N/A
459,004L87-E,2019-03-31 00:00:00 +0000,Deep Value,Hedge Fund,Low,5941.0,1,N/A
460,004M55-E,2010-01-21 00:00:00 +0000,GARP,Hedge Fund,,527.0,0,N/A
461,004P6T-E,2019-03-31 00:00:00 +0000,Yield,Hedge Fund,Very Low,528.0,1,N/A
462,004P7D-E,,,Hedge Fund,,,0,N/A
463,004VP1-E,2010-01-22 00:00:00 +0000,,Hedge Fund,,,0,N/A
464,004VPF-E,2010-09-30 00:00:00 +0000,,Hedge Fund,,,1,N/A
465,004W5T-E,,,Hedge Fund,,,1,N/A
466,004W62-E,2019-05-01 00:00:00 +0000,GARP,Hedge Fund,,9060.0,0,N/A
467,004XBB-E,2019-05-02 00:00:00 +0000,GARP,Hedge Fund,,87742.0,0,N/A
468,004XTV-E,2009-12-31 00:00:00 +0000,,Hedge Fund,,,1,N/A
469,004Z9Q-E,2019-03-31 00:00:00 +0000,Aggressive Growth,Hedge Fund,High,194056.0,1,N/A
470,004ZNB-E,2019-03-31 00:00:00 +0000,Aggressive Growth,Hedge Fund,Very Low,,1,N/A
471,0050WJ-E,2011-12-31 00:00:00 +0000,,Hedge Fund,,,1,N/A
472,0051F7-E,2006-11-01 00:00:00 +0000,,Hedge Fund,,,0,N/A
473,0051Y2-E,2019-03-31 00:00:00 +0000,Aggressive Growth,Hedge Fund,High,25226.0,1,N/A
474,0055SF-E,,,Hedge Fund,,,0,N/A
475,0056HS-E,2019-03-31 00:00:00 +0000,Growth,Hedge Fund,High,1890.0,1,N/A
476,0057F6-E,2018-09-25 00:00:00 +0000,Aggressive Growth,Hedge Fund,,,0,N/A
477,0058K3-E,2019-03-31 00:00:00 +0000,Deep Value,Hedge Fund,Medium,9252.0,1,N/A
478,005C4L-E,2012-04-02 00:00:00 +0000,,Hedge Fund,,,0,N/A
479,005DP6-E,2019-03-31 00:00:00 +0000,Deep Value,Hedge Fund,Very Low,,1,N/A
480,005DVM-E,2013-11-01 00:00:00 +0000,,Hedge Fund,,,1,N/A
481,005F4C-E,2010-12-31 00:00:00 +0000,,Hedge Fund,,,0,N/A
482,005FSL-E,2008-06-30 00:00:00 +0000,,Hedge Fund,,,1,N/A
483,005G4F-E,2016-07-07 00:00:00 +0000,,Hedge Fund,,,0,N/A
484,005GHT-E,2010-03-31 00:00:00 +0000,,Hedge Fund,,,1,N/A
485,005GKR-E,2005-12-31 00:00:00 +0000,,Hedge Fund,,,1,N/A
486,005GLC-E,2006-09-30 00:00:00 +0000,,Hedge Fund,,,1,N/A
487,005GP2-E,2008-08-12 00:00:00 +0000,,Hedge Fund,,,1,N/A
488,005GTF-E,2013-09-30 00:00:00 +0000,,Hedge Fund,,,1,N/A
489,005GTL-E,2019-03-31 00:00:00 +0000,Aggressive Growth,Hedge Fund,Low,11252.0,1,N/A
490,005GV1-E,2015-03-31 00:00:00 +0000,,Hedge Fund,,,1,N/A
491,005GW1-E,2015-09-30 00:00:00 +0000,,Hedge Fund,,,1,N/A
492,005GXL-E,2019-03-31 00:00:00 +0000,Value,Hedge Fund,Medium,7881.0,1,N/A
493,005GZS-E,2013-06-11 00:00:00 +0000,,Hedge Fund,,,1,N/A
494,005H2S-E,2004-09-30 00:00:00 +0000,,Hedge Fund,,,1,N/A
495,005H2X-E,2008-12-31 00:00:00 +0000,,Hedge Fund,,,1,N/A
496,005H33-E,2012-03-31 00:00:00 +0000,,Hedge Fund,,,1,N/A
497,005H80-E,2019-05-01 00:00:00 +0000,GARP,Hedge Fund,,,0,N/A
498,005H8H-E,2011-09-30 00:00:00 +0000,,Hedge Fund,,235.0,0,N/A
499,005H9H-E,2014-04-24 00:00:00 +0000,,Hedge Fund,,,1,N/A
500,005HCX-E,2010-10-04 00:00:00 +0000,,Hedge Fund,,,1,N/A
501,005HF1-E,2008-12-31 00:00:00 +0000,,Hedge Fund,,,1,N/A
502,005HG5-E,2018-09-30 00:00:00 +0000,Yield,Hedge Fund,,174.0,1,N/A
503,005HJ5-E,2011-02-14 00:00:00 +0000,,Hedge Fund,,,1,N/A
504,005HJL-E,2012-01-26 00:00:00 +0000,,Hedge Fund,,,1,N/A
505,005HKP-E,2008-09-30 00:00:00 +0000,,Hedge Fund,,,1,N/A
506,005HKW-E,2008-09-30 00:00:00 +0000,,Hedge Fund,,,1,N/A
507,005HLD-E,2019-03-31 00:00:00 +0000,Aggressive Growth,Hedge Fund,Medium,577.0,1,N/A
508,005HMS-E,2009-09-30 00:00:00 +0000,,Hedge Fund,,,0,N/A
509,005HMY-E,2019-03-31 00:00:00 +0000,Growth,Hedge Fund,High,2237.0,1,N/A
510,005HRD-E,2019-05-09 00:00:00 +0000,GARP,Hedge Fund,,,0,N/A
511,005HRL-E,2009-09-30 00:00:00 +0000,,Hedge Fund,,,1,N/A
512,005HSK-E,2012-12-31 00:00:00 +0000,,Hedge Fund,,,0,N/A
513,005HSZ-E,2011-12-31 00:00:00 +0000,,Hedge Fund,,,0,N/A
514,005HT6-E,2007-11-06 00:00:00 +0000,,Hedge Fund,,,1,N/A
515,005HTX-E,,,Hedge Fund,,,0,N/A
516,005HWD-E,2019-03-31 00:00:00 +0000,Value,Hedge Fund,High,686.0,1,N/A
517,005HWP-E,2019-03-31 00:00:00 +0000,Deep Value,Hedge Fund,Low,544.0,1,N/A
518,005HZH-E,2007-09-30 00:00:00 +0000,,Hedge Fund,,,0,N/A
519,005JP0-E,2019-03-31 00:00:00 +0000,Growth,Hedge Fund,Medium,1207.0,1,N/A
520,005KRT-E,2013-01-23 00:00:00 +0000,,Hedge Fund,,,1,N/A
521,005KW5-E,2016-03-01 00:00:00 +0000,,Hedge Fund,,,0,N/A
522,005L3D-E,2019-01-31 00:00:00 +0000,GARP,Hedge Fund,,149.0,0,N/A
523,005L4S-E,2019-05-24 00:00:00 +0000,Deep Value,Hedge Fund,,118.0,0,N/A
524,005LMM-E,2019-03-31 00:00:00 +0000,Value,Hedge Fund,High,272.0,1,N/A
525,005LSM-E,2005-12-31 00:00:00 +0000,,Hedge Fund,,,1,N/A
526,005LZB-E,,,Hedge Fund,,1083.0,0,N/A
527,005M32-E,2007-07-31 00:00:00 +0000,,Hedge Fund,,4815.0,0,N/A
528,005NBK-E,2017-12-31 00:00:00 +0000,,Hedge Fund,,93.0,0,N/A
529,005PRW-E,2013-06-30 00:00:00 +0000,,Hedge Fund,,,1,N/A
530,005PSX-E,2017-07-03 00:00:00 +0000,,Hedge Fund,,,1,N/A
531,005QDX-E,2007-12-31 00:00:00 +0000,,Hedge Fund,,,0,N/A
532,005T39-E,2005-09-30 00:00:00 +0000,,Hedge Fund,,,1,N/A
533,005TJL-E,2018-12-07 00:00:00 +0000,Deep Value,Hedge Fund,,,0,N/A
534,005TYS-E,2017-03-02 00:00:00 +0000,,Hedge Fund,,,0,N/A
535,005V7G-E,2017-12-31 00:00:00 +0000,,Hedge Fund,,,0,N/A
536,005V98-E,2019-03-31 00:00:00 +0000,Aggressive Growth,Hedge Fund,,655.0,0,N/A
537,005VB4-E,2007-06-30 00:00:00 +0000,,Hedge Fund,,,1,N/A
538,005VK6-E,2019-03-31 00:00:00 +0000,Value,Hedge Fund,Low,2944.0,1,N/A
539,005VN3-E,2019-03-31 00:00:00 +0000,Aggressive Growth,Hedge Fund,High,1311.0,1,N/A
540,005VRG-E,2018-09-30 00:00:00 +0000,Deep Value,Hedge Fund,,29139.0,1,N/A
541,005VV0-E,2019-03-31 00:00:00 +0000,Growth,Hedge Fund,Medium,24299.0,1,N/A
542,005WCB-E,,,Hedge Fund,,,0,N/A
543,005XZF-E,2019-03-31 00:00:00 +0000,Growth,Hedge Fund,Very Low,,1,N/A
544,005Y4G-E,2012-09-30 00:00:00 +0000,,Hedge Fund,,,0,N/A
545,005YQ3-E,2019-03-31 00:00:00 +0000,Value,Hedge Fund,Medium,443.0,1,N/A
546,005Z5Z-E,2006-08-14 00:00:00 +0000,,Hedge Fund,,,0,N/A
547,00628M-E,2018-03-21 00:00:00 +0000,Deep Value,Hedge Fund,,16201.0,0,N/A
548,006357-E,2005-10-20 00:00:00 +0000,,Hedge Fund,,,0,N/A
549,00637N-E,2009-03-31 00:00:00 +0000,,Hedge Fund,,,1,N/A
550,0064TH-E,2014-02-05 00:00:00 +0000,,Hedge Fund,,,1,N/A
551,0065LH-E,2012-10-31 00:00:00 +0000,GARP,Hedge Fund,,,0,N/A
552,0067VL-E,2019-03-31 00:00:00 +0000,Yield,Hedge Fund,Medium,342.0,1,N/A
553,00697M-E,2018-12-20 00:00:00 +0000,Deep Value,Hedge Fund,,103.0,0,N/A
554,0069K5-E,2019-03-31 00:00:00 +0000,Deep Value,Hedge Fund,Medium,29789.0,1,N/A
555,006BDV-E,2015-11-26 00:00:00 +0000,,Hedge Fund,,,0,N/A
556,006CGL-E,,,Hedge Fund,,,0,N/A
557,006CZJ-E,2007-09-30 00:00:00 +0000,,Hedge Fund,,,1,N/A
558,006F00-E,2019-03-31 00:00:00 +0000,Growth,Hedge Fund,Very Low,1121.0,1,N/A
559,006F30-E,,,Hedge Fund,,5.0,0,N/A
560,006FBL-E,2007-07-30 00:00:00 +0000,,Hedge Fund,,,1,N/A
561,006GLS-E,2019-03-31 00:00:00 +0000,Aggressive Growth,Hedge Fund,High,,1,N/A
562,006H7Z-E,,,Hedge Fund,,,0,N/A
563,006HJ2-E,,,Hedge Fund,,,0,N/A
564,006L4V-E,2019-03-31 00:00:00 +0000,Aggressive Growth,Hedge Fund,Very Low,862.0,1,N/A
565,006LHB-E,2019-03-31 00:00:00 +0000,Value,Hedge Fund,Medium,10633.0,1,N/A
566,006LHL-E,,,Hedge Fund,,,0,N/A
567,006LJ6-E,,,Hedge Fund,,,0,N/A
568,006LJW-E,2007-10-31 00:00:00 +0000,,Hedge Fund,,,0,N/A
569,006LKV-E,,,Hedge Fund,,,0,N/A
570,006LL6-E,,,Hedge Fund,,,0,N/A
571,006P27-E,2019-02-14 00:00:00 +0000,GARP,Hedge Fund,,,0,N/A
572,006PT7-E,2013-06-01 00:00:00 +0000,,Hedge Fund,,,1,N/A
573,006QVS-E,,,Hedge Fund,,,0,N/A
574,006R8W-E,2011-08-17 00:00:00 +0000,,Hedge Fund,,,1,N/A
575,006RB4-E,2019-05-24 00:00:00 +0000,Value,Hedge Fund,,,0,N/A
576,006SL3-E,2015-03-31 00:00:00 +0000,,Hedge Fund,,,0,N/A
577,006SPG-E,2010-12-16 00:00:00 +0000,,Hedge Fund,,,1,N/A
578,006SZN-E,2008-04-28 00:00:00 +0000,,Hedge Fund,,,0,N/A
579,006T00-E,2007-04-30 00:00:00 +0000,,Hedge Fund,,,0,N/A
580,006TW3-E,2019-03-31 00:00:00 +0000,Aggressive Growth,Hedge Fund,Low,18889.0,1,N/A
581,006TXS-E,2006-09-30 00:00:00 +0000,,Hedge Fund,,,1,N/A
582,006VH7-E,2019-03-31 00:00:00 +0000,Deep Value,Hedge Fund,Low,4059.0,1,N/A
583,006VHQ-E,2007-09-30 00:00:00 +0000,,Hedge Fund,,,1,N/A
584,006VJG-E,2005-03-31 00:00:00 +0000,,Hedge Fund,,,1,N/A
585,006VN5-E,2019-03-31 00:00:00 +0000,Aggressive Growth,Hedge Fund,Medium,5543.0,1,N/A
586,006VP8-E,2019-03-31 00:00:00 +0000,Aggressive Growth,Hedge Fund,Very High,2961.0,1,N/A
587,006VPG-E,2013-01-15 00:00:00 +0000,,Hedge Fund,,,1,N/A
588,006VXS-E,2011-03-31 00:00:00 +0000,,Hedge Fund,,,1,N/A
589,006VY5-E,2017-12-31 00:00:00 +0000,Growth,Hedge Fund,Medium,,0,N/A
590,006VZS-E,2009-02-24 00:00:00 +0000,,Hedge Fund,,,1,N/A
591,006W17-E,2019-03-31 00:00:00 +0000,Value,Hedge Fund,Medium,,1,N/A
592,006W8M-E,2019-03-31 00:00:00 +0000,Growth,Hedge Fund,Low,231.0,1,N/A
593,006WGQ-E,2006-09-30 00:00:00 +0000,,Hedge Fund,,,1,N/A
594,006WK6-E,2013-09-30 00:00:00 +0000,,Hedge Fund,,,1,N/A
595,006WL9-E,2019-03-31 00:00:00 +0000,Deep Value,Hedge Fund,Low,8882.0,1,N/A
596,006WLN-E,2015-09-30 00:00:00 +0000,,Hedge Fund,,,0,N/A
597,006WN9-E,2019-03-31 00:00:00 +0000,Growth,Hedge Fund,High,1654.0,1,N/A
598,006WP4-E,2009-09-30 00:00:00 +0000,,Hedge Fund,,,0,N/A
599,006WPN-E,2009-12-31 00:00:00 +0000,,Hedge Fund,,,0,N/A
600,006WQQ-E,2019-03-31 00:00:00 +0000,Value,Hedge Fund,High,,1,N/A
601,006WRP-E,2019-03-31 00:00:00 +0000,Value,Hedge Fund,Very Low,2205.0,1,N/A
602,006WRS-E,,,Hedge Fund,,,0,N/A
603,006WSJ-E,2017-06-30 00:00:00 +0000,,Hedge Fund,,,1,N/A
604,006WSY-E,,,Hedge Fund,,,1,N/A
605,006WTG-E,2006-09-30 00:00:00 +0000,,Hedge Fund,,50.0,0,N/A
606,006WTZ-E,2008-09-30 00:00:00 +0000,GARP,Hedge Fund,,,0,N/A
607,006WV4-E,2008-05-15 00:00:00 +0000,,Hedge Fund,,,1,N/A
608,006WV6-E,2006-09-30 00:00:00 +0000,,Hedge Fund,,,0,N/A
609,006WVY-E,2014-09-30 00:00:00 +0000,,Hedge Fund,,,1,N/A
610,006WX3-E,2008-09-30 00:00:00 +0000,,Hedge Fund,,,1,N/A
611,006WX7-E,2005-03-28 00:00:00 +0000,,Hedge Fund,,,0,N/A
612,006WXR-E,2013-12-31 00:00:00 +0000,,Hedge Fund,,452.0,0,N/A
613,006WY8-E,2019-03-31 00:00:00 +0000,Value,Hedge Fund,Medium,3468.0,1,N/A
614,006WY9-E,2012-12-31 00:00:00 +0000,,Hedge Fund,,,1,N/A
615,006WYB-E,2019-03-31 00:00:00 +0000,Deep Value,Hedge Fund,Low,,1,N/A
616,006X0R-E,2019-03-31 00:00:00 +0000,Aggressive Growth,Hedge Fund,High,6578.0,1,N/A
617,006X5F-E,2007-09-30 00:00:00 +0000,,Hedge Fund,,,1,N/A
618,006X8Z-E,2013-09-30 00:00:00 +0000,,Hedge Fund,,,1,N/A
619,006XGH-E,2019-01-02 00:00:00 +0000,,Hedge Fund,,,0,N/A
620,006YJK-E,2005-06-30 00:00:00 +0000,,Hedge Fund,,,1,N/A
621,006YNK-E,,,Hedge Fund,,121.0,0,N/A
622,006Z9C-E,2019-03-31 00:00:00 +0000,Aggressive Growth,Hedge Fund,High,4129.0,1,N/A
623,006ZVW-E,2006-02-15 00:00:00 +0000,,Hedge Fund,,,0,N/A
624,00707J-E,2007-09-30 00:00:00 +0000,,Hedge Fund,,,1,N/A
625,0070QQ-E,,,Hedge Fund,,,0,N/A
626,00719G-E,2018-08-17 00:00:00 +0000,GARP,Hedge Fund,,34.0,0,N/A
627,0071PS-E,2016-06-30 00:00:00 +0000,,Hedge Fund,,223.0,1,N/A
628,0072N5-E,2008-06-30 00:00:00 +0000,,Hedge Fund,,,1,N/A
629,0073CD-E,2019-03-31 00:00:00 +0000,Yield,Hedge Fund,Very Low,,1,N/A
630,0073HF-E,2017-01-17 00:00:00 +0000,GARP,Hedge Fund,,90.0,0,N/A
631,00741R-E,,,Hedge Fund,,,0,N/A
632,0074DB-E,2019-03-31 00:00:00 +0000,Aggressive Growth,Hedge Fund,High,,1,N/A
633,00767Y-E,2019-03-31 00:00:00 +0000,Deep Value,Hedge Fund,Medium,125.0,1,N/A
634,0076BM-E,2006-12-07 00:00:00 +0000,,Hedge Fund,,,0,N/A
635,0076GK-E,2011-03-31 00:00:00 +0000,,Hedge Fund,,,0,N/A
636,0076JN-E,2019-03-31 00:00:00 +0000,Aggressive Growth,Hedge Fund,High,7424.0,1,N/A
637,0076JZ-E,2018-04-27 00:00:00 +0000,GARP,Hedge Fund,,,0,N/A
638,0076PM-E,2019-04-01 00:00:00 +0000,Deep Value,Hedge Fund,,155.0,0,N/A
639,0077GV-E,,,Hedge Fund,,,0,N/A
640,0077X0-E,2012-09-30 00:00:00 +0000,,Hedge Fund,,279.0,0,N/A
641,007841-E,,,Hedge Fund,,,0,N/A
642,00786C-E,2006-09-30 00:00:00 +0000,,Hedge Fund,,,1,N/A
643,0078CF-E,2014-03-03 00:00:00 +0000,,Hedge Fund,,,1,N/A
644,0078M6-E,2015-09-30 00:00:00 +0000,,Hedge Fund,,,0,N/A
645,0078X0-E,2007-11-14 00:00:00 +0000,,Hedge Fund,,,0,N/A
646,0079GT-E,2019-03-31 00:00:00 +0000,Deep Value,Hedge Fund,Medium,182.0,1,N/A
647,0079W2-E,2019-03-31 00:00:00 +0000,Value,Hedge Fund,Medium,1810.0,1,N/A
648,0079ZH-E,,,Hedge Fund,,14.0,0,N/A
649,007BGZ-E,2005-12-31 00:00:00 +0000,,Hedge Fund,,,1,N/A
650,007BMN-E,2019-03-31 00:00:00 +0000,Aggressive Growth,Hedge Fund,Low,,1,N/A
651,007C9Q-E,2017-06-30 00:00:00 +0000,,Hedge Fund,,,1,N/A
652,007CKF-E,2010-04-22 00:00:00 +0000,,Hedge Fund,,,1,N/A
653,007FNT-E,2006-12-31 00:00:00 +0000,,Hedge Fund,,,1,N/A
654,007GJJ-E,,,Hedge Fund,,,0,N/A
655,007GTR-E,2014-06-30 00:00:00 +0000,,Hedge Fund,,,1,N/A
656,007JH3-E,2015-10-20 00:00:00 +0000,,Hedge Fund,,,1,N/A
657,007JJP-E,2012-02-24 00:00:00 +0000,,Hedge Fund,,,0,N/A
658,007K4T-E,2013-03-05 00:00:00 +0000,,Hedge Fund,,154.0,0,N/A
659,007KGB-E,2019-03-08 00:00:00 +0000,GARP,Hedge Fund,,,0,N/A
660,007L92-E,2011-02-24 00:00:00 +0000,,Hedge Fund,,,0,N/A
661,007LC4-E,2017-03-28 00:00:00 +0000,,Hedge Fund,,,0,N/A
662,007LCD-E,2019-03-31 00:00:00 +0000,Aggressive Growth,Hedge Fund,Very Low,13500.0,1,N/A
663,007LXB-E,2007-12-31 00:00:00 +0000,,Hedge Fund,,,0,N/A
664,007M8J-E,2019-05-20 00:00:00 +0000,Yield,Hedge Fund,,47.0,0,N/A
665,007MRD-E,2019-03-31 00:00:00 +0000,Deep Value,Hedge Fund,Very Low,847.0,1,N/A
666,007MXW-E,2009-05-05 00:00:00 +0000,,Hedge Fund,,,1,N/A
667,007NLL-E,2005-12-31 00:00:00 +0000,,Hedge Fund,,,0,N/A
668,007NVY-E,2018-12-18 00:00:00 +0000,GARP,Hedge Fund,,,0,N/A
669,007NY0-E,2019-05-01 00:00:00 +0000,GARP,Hedge Fund,,4200.0,0,N/A
670,007PBK-E,,,Hedge Fund,,,0,N/A
671,007PT5-E,2018-11-01 00:00:00 +0000,,Hedge Fund,,,0,N/A
672,007PW2-E,2019-03-31 00:00:00 +0000,GARP,Hedge Fund,Very Low,700.0,1,N/A
673,007Q68-E,2011-12-31 00:00:00 +0000,,Hedge Fund,,,0,N/A
674,007QYS-E,2009-12-31 00:00:00 +0000,,Hedge Fund,,,1,N/A
675,007RFP-E,2013-03-31 00:00:00 +0000,,Hedge Fund,,,1,N/A
676,007RG6-E,2019-03-31 00:00:00 +0000,GARP,Hedge Fund,High,,1,N/A
677,007RJ3-E,2019-03-31 00:00:00 +0000,Growth,Hedge Fund,High,4203.0,1,N/A
678,007RLP-E,2014-01-16 00:00:00 +0000,,Hedge Fund,,,1,N/A
679,007RMF-E,2016-12-31 00:00:00 +0000,,Hedge Fund,,86.0,0,N/A
680,007RTB-E,2012-12-31 00:00:00 +0000,,Hedge Fund,,,1,N/A
681,007S3T-E,2006-03-31 00:00:00 +0000,,Hedge Fund,,,1,N/A
682,007S8F-E,2007-02-05 00:00:00 +0000,,Hedge Fund,,,0,N/A
683,007SH0-E,2019-03-31 00:00:00 +0000,Aggressive Growth,Hedge Fund,Medium,630.0,1,N/A
684,007SNB-E,2009-04-29 00:00:00 +0000,,Hedge Fund,,,0,N/A
685,007SND-E,2009-06-30 00:00:00 +0000,,Hedge Fund,,,1,N/A
686,007STG-E,2015-06-29 00:00:00 +0000,,Hedge Fund,,,0,N/A
687,007T4G-E,2011-06-17 00:00:00 +0000,,Hedge Fund,,,1,N/A
688,007TNR-E,,,Hedge Fund,,,0,N/A
689,007TVQ-E,2019-03-31 00:00:00 +0000,Growth,Hedge Fund,Medium,211.0,1,N/A
690,007TVS-E,2019-03-31 00:00:00 +0000,Aggressive Growth,Hedge Fund,Medium,3037.0,1,N/A
691,007V12-E,2019-03-31 00:00:00 +0000,Growth,Hedge Fund,Very Low,,1,N/A
692,007VTN-E,2014-03-06 00:00:00 +0000,GARP,Hedge Fund,,,0,N/A
693,007WSN-E,2010-03-01 00:00:00 +0000,GARP,Hedge Fund,,,0,N/A
694,007WTC-E,2018-06-30 00:00:00 +0000,GARP,Hedge Fund,Medium,,0,N/A
695,007WV3-E,2007-10-18 00:00:00 +0000,,Hedge Fund,,,0,N/A
696,007WVB-E,,,Hedge Fund,,,0,N/A
697,007X2H-E,2007-03-31 00:00:00 +0000,,Hedge Fund,,,1,N/A
698,007X4M-E,,,Hedge Fund,,,0,N/A
699,007XNK-E,,,Hedge Fund,,,0,N/A
700,007XV3-E,2018-12-31 00:00:00 +0000,Deep Value,Hedge Fund,,37.0,0,N/A
701,007YBN-E,2011-12-31 00:00:00 +0000,,Hedge Fund,,,1,N/A
702,007YBZ-E,2001-12-31 00:00:00 +0000,,Hedge Fund,,231.0,0,N/A
703,007YC3-E,2019-03-31 00:00:00 +0000,Aggressive Growth,Hedge Fund,Medium,1366.0,1,N/A
704,007YF5-E,2013-12-16 00:00:00 +0000,,Hedge Fund,,,1,N/A
705,007YMX-E,,,Hedge Fund,,,0,N/A
706,007YNP-E,2010-10-31 00:00:00 +0000,,Hedge Fund,,,0,N/A
707,007YQ9-E,,,Hedge Fund,,,0,N/A
708,007Z4T-E,2016-09-30 00:00:00 +0000,,Hedge Fund,,,0,N/A
709,007Z50-E,2009-03-23 00:00:00 +0000,,Hedge Fund,,,1,N/A
710,007Z6X-E,2007-03-01 00:00:00 +0000,GARP,Hedge Fund,,,0,N/A
711,007Z70-E,2019-04-30 00:00:00 +0000,Value,Hedge Fund,Very Low,2300.0,0,N/A
712,007ZG3-E,,,Hedge Fund,,,0,N/A
713,007ZM5-E,,,Hedge Fund,,,0,N/A
714,007ZM8-E,,,Hedge Fund,,,0,N/A
715,007ZN0-E,2007-07-09 00:00:00 +0000,,Hedge Fund,,3258.0,0,N/A
716,007ZNQ-E,,,Hedge Fund,,,0,N/A
717,007ZNR-E,2007-05-07 00:00:00 +0000,,Hedge Fund,,,0,N/A
718,007ZP8-E,,,Hedge Fund,,,0,N/A
719,007ZQ1-E,2014-10-14 00:00:00 +0000,GARP,Hedge Fund,,,0,N/A
720,007ZQ4-E,,,Hedge Fund,,,0,N/A
721,007ZR0-E,2008-09-30 00:00:00 +0000,,Hedge Fund,,,1,N/A
722,007ZV4-E,2008-06-30 00:00:00 +0000,,Hedge Fund,,,1,N/A
723,007ZYJ-E,2016-09-30 00:00:00 +0000,,Hedge Fund,,,0,N/A
724,00804J-E,2011-12-31 00:00:00 +0000,,Hedge Fund,,,1,N/A
725,008058-E,2008-10-03 00:00:00 +0000,,Hedge Fund,,,1,N/A
726,00809H-E,2015-12-31 00:00:00 +0000,,Hedge Fund,,,0,N/A
727,0080C8-E,2011-09-15 00:00:00 +0000,,Hedge Fund,,,1,N/A
728,0080C9-E,2010-06-30 00:00:00 +0000,,Hedge Fund,,,1,N/A
729,0080CR-E,2017-12-31 00:00:00 +0000,GARP,Hedge Fund,,,0,N/A
730,0080DP-E,2015-12-31 00:00:00 +0000,,Hedge Fund,,,1,N/A
731,0080DW-E,2015-09-30 00:00:00 +0000,,Hedge Fund,,,1,N/A
732,0080F7-E,2019-03-31 00:00:00 +0000,Deep Value,Hedge Fund,Very Low,12093.0,1,N/A
733,0080FD-E,2019-03-31 00:00:00 +0000,Deep Value,Hedge Fund,Low,1029.0,1,N/A
734,0080FN-E,2019-03-31 00:00:00 +0000,Value,Hedge Fund,High,1003.0,1,N/A
735,0080FP-E,2009-12-31 00:00:00 +0000,,Hedge Fund,,,1,N/A
736,0080FX-E,,,Hedge Fund,,,0,N/A
737,0080FY-E,2012-03-20 00:00:00 +0000,,Hedge Fund,,,0,N/A
738,0080GP-E,2019-03-31 00:00:00 +0000,Aggressive Growth,Hedge Fund,High,7167.0,1,N/A
739,0080GW-E,2015-06-16 00:00:00 +0000,,Hedge Fund,,,1,N/A
740,0080GZ-E,2019-03-31 00:00:00 +0000,Value,Hedge Fund,High,1346.0,1,N/A
741,0080H6-E,2009-03-31 00:00:00 +0000,,Hedge Fund,,,1,N/A
742,0080HJ-E,,,Hedge Fund,,,0,N/A
743,0080HR-E,2012-09-25 00:00:00 +0000,,Hedge Fund,,,0,N/A
744,0080HX-E,2011-12-27 00:00:00 +0000,,Hedge Fund,,,1,N/A
745,0080J3-E,2018-01-24 00:00:00 +0000,,Hedge Fund,,,1,N/A
746,0080JG-E,2008-03-31 00:00:00 +0000,,Hedge Fund,,,1,N/A
747,0080JJ-E,2007-12-31 00:00:00 +0000,,Hedge Fund,,,0,N/A
748,0080JR-E,2008-12-31 00:00:00 +0000,,Hedge Fund,,,1,N/A
749,0080JT-E,2019-03-31 00:00:00 +0000,Aggressive Growth,Hedge Fund,Medium,1772.0,1,N/A
750,0080JX-E,2009-09-30 00:00:00 +0000,,Hedge Fund,,,1,N/A
751,0080KW-E,2019-03-31 00:00:00 +0000,Aggressive Growth,Hedge Fund,Very Low,6185.0,1,N/A
752,0080KZ-E,2008-09-30 00:00:00 +0000,,Hedge Fund,,5.0,0,N/A
753,0080LC-E,2009-06-30 00:00:00 +0000,,Hedge Fund,,,1,N/A
754,0080LQ-E,2009-12-31 00:00:00 +0000,,Hedge Fund,,,0,N/A
755,0080MF-E,2019-03-31 00:00:00 +0000,Deep Value,Hedge Fund,Medium,9956.0,1,N/A
756,0080MR-E,2019-03-31 00:00:00 +0000,Growth,Hedge Fund,Very High,18434.0,1,N/A
757,0080MS-E,2008-09-30 00:00:00 +0000,,Hedge Fund,,,1,N/A
758,0080MX-E,2010-06-30 00:00:00 +0000,,Hedge Fund,,,1,N/A
759,0080MY-E,2009-09-30 00:00:00 +0000,,Hedge Fund,,,1,N/A
760,0080N0-E,2007-03-31 00:00:00 +0000,,Hedge Fund,,,1,N/A
761,0080N2-E,2006-12-31 00:00:00 +0000,,Hedge Fund,,,1,N/A
762,0080NC-E,2007-06-30 00:00:00 +0000,,Hedge Fund,,116.0,0,N/A
763,0080ND-E,2012-12-31 00:00:00 +0000,,Hedge Fund,,,1,N/A
764,0080PF-E,,,Hedge Fund,,,0,N/A
765,0080PJ-E,2014-11-14 00:00:00 +0000,GARP,Hedge Fund,,,0,N/A
766,0080PL-E,2011-11-28 00:00:00 +0000,,Hedge Fund,,,0,N/A
767,0080QG-E,,,Hedge Fund,,,0,N/A
768,0080QJ-E,2019-04-30 00:00:00 +0000,Aggressive Growth,Hedge Fund,,,0,N/A
769,0080QM-E,,,Hedge Fund,,,0,N/A
770,0080QN-E,2019-03-31 00:00:00 +0000,GARP,Hedge Fund,,7446.0,0,N/A
771,0080QS-E,2019-05-01 00:00:00 +0000,GARP,Hedge Fund,,5112.0,0,N/A
772,0080QT-E,2019-03-31 00:00:00 +0000,Aggressive Growth,Hedge Fund,Medium,419.0,1,N/A
773,0080QV-E,2014-07-03 00:00:00 +0000,,Hedge Fund,,355.0,0,N/A
774,0080QY-E,2019-03-31 00:00:00 +0000,Aggressive Growth,Hedge Fund,Very High,37005.0,1,N/A
775,0080TW-E,2009-03-31 00:00:00 +0000,,Hedge Fund,,,1,N/A
776,0080WQ-E,2017-06-30 00:00:00 +0000,,Hedge Fund,,,0,N/A
777,0080Z3-E,2019-03-31 00:00:00 +0000,Aggressive Growth,Hedge Fund,Medium,6366.0,1,N/A
778,008136-E,2010-10-28 00:00:00 +0000,,Hedge Fund,,,1,N/A
779,0081HB-E,2010-09-30 00:00:00 +0000,,Hedge Fund,,,1,N/A
780,008225-E,2019-03-31 00:00:00 +0000,Yield,Hedge Fund,Very Low,323.0,1,N/A
781,0082QH-E,2011-06-30 00:00:00 +0000,,Hedge Fund,,,1,N/A
782,0082XP-E,2019-03-31 00:00:00 +0000,Yield,Hedge Fund,Medium,773.0,1,N/A
783,00832N-E,2008-06-13 00:00:00 +0000,,Hedge Fund,,,0,N/A
784,00835D-E,2008-06-30 00:00:00 +0000,,Hedge Fund,,,1,N/A
785,00835F-E,,,Hedge Fund,,,0,N/A
786,00838H-E,2011-03-15 00:00:00 +0000,GARP,Hedge Fund,,,0,N/A
787,0083RB-E,,,Hedge Fund,,402.0,0,N/A
788,0083XW-E,2014-12-31 00:00:00 +0000,,Hedge Fund,,,0,N/A
789,0084M1-E,2009-08-14 00:00:00 +0000,,Hedge Fund,,,0,N/A
790,00863D-E,,,Hedge Fund,,,0,N/A
791,00865N-E,,,Hedge Fund,,,0,N/A
792,0086PT-E,2006-06-30 00:00:00 +0000,,Hedge Fund,,,0,N/A
793,0087RC-E,2011-03-31 00:00:00 +0000,,Hedge Fund,,,0,N/A
794,00883R-E,2019-03-31 00:00:00 +0000,Value,Hedge Fund,Very Low,1680.0,1,N/A
795,0088KV-E,2016-09-30 00:00:00 +0000,,Hedge Fund,,,0,N/A
796,0088Q5-E,2019-03-31 00:00:00 +0000,Aggressive Growth,Hedge Fund,Very High,3452.0,1,N/A
797,0088SH-E,2019-03-31 00:00:00 +0000,Aggressive Growth,Hedge Fund,Very Low,,1,N/A
798,0088SM-E,2018-06-30 00:00:00 +0000,,Hedge Fund,,,1,N/A
799,0088SN-E,2012-09-30 00:00:00 +0000,GARP,Hedge Fund,,5309.0,0,N/A
800,0088T0-E,2015-04-13 00:00:00 +0000,,Hedge Fund,,,1,N/A
801,0088YJ-E,2019-03-31 00:00:00 +0000,Value,Hedge Fund,Low,124.0,1,N/A
802,0089D2-E,2018-12-31 00:00:00 +0000,Value,Hedge Fund,Low,365.0,0,N/A
803,008B50-E,,,Hedge Fund,,,0,N/A
804,008BHF-E,2009-03-15 00:00:00 +0000,,Hedge Fund,,,0,N/A
805,008BKH-E,2011-03-18 00:00:00 +0000,,Hedge Fund,,,1,N/A
806,008BP5-E,2010-08-11 00:00:00 +0000,,Hedge Fund,,,0,N/A
807,008C1Y-E,2015-09-30 00:00:00 +0000,,Hedge Fund,,,0,N/A
808,008CDK-E,,,Hedge Fund,,,0,N/A
809,008D5M-E,2017-09-04 00:00:00 +0000,,Hedge Fund,,,0,N/A
810,008D6M-E,2010-04-30 00:00:00 +0000,,Hedge Fund,,,1,N/A
811,008G02-E,2013-03-20 00:00:00 +0000,,Hedge Fund,,,0,N/A
812,008J9X-E,2013-07-01 00:00:00 +0000,,Hedge Fund,,,1,N/A
813,008JFR-E,2019-03-31 00:00:00 +0000,Aggressive Growth,Hedge Fund,Very Low,62.0,0,N/A
814,008K1S-E,2019-03-31 00:00:00 +0000,Aggressive Growth,Hedge Fund,Very Low,2007.0,1,N/A
815,008KB7-E,2019-03-31 00:00:00 +0000,Value,Hedge Fund,Low,6935.0,1,N/A
816,008KYZ-E,2008-09-15 00:00:00 +0000,,Hedge Fund,,,0,N/A
817,008L90-E,,,Hedge Fund,,,0,N/A
818,008LX4-E,2019-03-31 00:00:00 +0000,Aggressive Growth,Hedge Fund,High,2055.0,1,N/A
819,008NMB-E,2008-09-30 00:00:00 +0000,,Hedge Fund,,,1,N/A
820,008PXD-E,2019-03-31 00:00:00 +0000,Yield,Hedge Fund,Medium,548.0,1,N/A
821,008RMJ-E,2013-09-02 00:00:00 +0000,,Hedge Fund,,,1,N/A
822,008RML-E,,,Hedge Fund,,,0,N/A
823,008RXJ-E,,,Hedge Fund,,51.0,0,N/A
824,008RY4-E,2016-09-30 00:00:00 +0000,GARP,Hedge Fund,,39.0,0,N/A
825,008S66-E,2007-09-30 00:00:00 +0000,,Hedge Fund,,,1,N/A
826,008SQ7-E,2010-12-31 00:00:00 +0000,,Hedge Fund,,,1,N/A
827,008T13-E,,,Hedge Fund,,,0,N/A
828,008T7R-E,,,Hedge Fund,,,0,N/A
829,008TB5-E,2018-12-31 00:00:00 +0000,Aggressive Growth,Hedge Fund,Very High,,0,N/A
830,008TPG-E,2007-09-30 00:00:00 +0000,,Hedge Fund,,,1,N/A
831,008TYF-E,2018-12-31 00:00:00 +0000,GARP,Hedge Fund,,4808.0,0,N/A
832,008WFK-E,,,Hedge Fund,,,0,N/A
833,008WK8-E,2017-12-31 00:00:00 +0000,,Hedge Fund,,,0,N/A
834,008XCG-E,,,Hedge Fund,,,0,N/A
835,008XLG-E,2016-02-01 00:00:00 +0000,,Hedge Fund,,,1,N/A
836,008XMG-E,2014-01-22 00:00:00 +0000,,Hedge Fund,,,0,N/A
837,008Y5F-E,2012-12-31 00:00:00 +0000,,Hedge Fund,,,1,N/A
838,008YQP-E,2008-09-30 00:00:00 +0000,,Hedge Fund,,,1,N/A
839,008YRV-E,2019-03-31 00:00:00 +0000,Aggressive Growth,Hedge Fund,Medium,6312.0,1,N/A
840,008YYQ-E,2007-09-30 00:00:00 +0000,,Hedge Fund,,,1,N/A
841,008Z3D-E,2019-05-17 00:00:00 +0000,Deep Value,Hedge Fund,,,0,N/A
842,008ZBK-E,2008-12-31 00:00:00 +0000,,Hedge Fund,,,1,N/A
843,008ZD5-E,2007-12-31 00:00:00 +0000,,Hedge Fund,,,0,N/A
844,008ZHM-E,2011-01-11 00:00:00 +0000,,Hedge Fund,,,1,N/A
845,008ZTJ-E,2016-06-28 00:00:00 +0000,GARP,Hedge Fund,,,0,N/A
846,008ZVF-E,2019-03-31 00:00:00 +0000,Value,Hedge Fund,Medium,3610.0,1,N/A
847,008ZVQ-E,2007-09-30 00:00:00 +0000,,Hedge Fund,,,0,N/A
848,008ZWX-E,2007-12-31 00:00:00 +0000,,Hedge Fund,,,1,N/A
849,008ZYC-E,2015-09-30 00:00:00 +0000,,Hedge Fund,,,1,N/A
850,008ZZH-E,,,Hedge Fund,,,0,N/A
851,00902S-E,2017-12-31 00:00:00 +0000,,Hedge Fund,,104.0,0,N/A
852,009043-E,2016-12-07 00:00:00 +0000,,Hedge Fund,,,0,N/A
853,0090BQ-E,2013-03-19 00:00:00 +0000,,Hedge Fund,,,0,N/A
854,0090G9-E,2009-09-30 00:00:00 +0000,,Hedge Fund,,,1,N/A
855,0090HN-E,2019-03-31 00:00:00 +0000,Growth,Hedge Fund,Medium,901.0,1,N/A
856,0090HS-E,2012-06-30 00:00:00 +0000,,Hedge Fund,,,1,N/A
857,0090LH-E,2016-09-30 00:00:00 +0000,,Hedge Fund,,124.0,0,N/A
858,0090M5-E,2019-03-31 00:00:00 +0000,Value,Hedge Fund,Medium,2045.0,1,N/A
859,0090MB-E,2013-03-31 00:00:00 +0000,,Hedge Fund,,,1,N/A
860,0090MY-E,2019-03-31 00:00:00 +0000,Growth,Hedge Fund,Medium,6107.0,1,N/A
861,0090N1-E,2014-02-01 00:00:00 +0000,,Hedge Fund,,,1,N/A
862,0090NC-E,2019-03-31 00:00:00 +0000,Yield,Hedge Fund,Medium,639.0,1,N/A
863,0090NQ-E,2019-03-31 00:00:00 +0000,Aggressive Growth,Hedge Fund,Medium,3097.0,1,N/A
864,0090NS-E,2013-12-31 00:00:00 +0000,,Hedge Fund,,,1,N/A
865,0090P5-E,2007-09-30 00:00:00 +0000,,Hedge Fund,,,0,N/A
866,0090P7-E,2015-09-30 00:00:00 +0000,,Hedge Fund,,,1,N/A
867,0090P8-E,2016-10-31 00:00:00 +0000,,Hedge Fund,,,1,N/A
868,0090PD-E,2019-01-02 00:00:00 +0000,Deep Value,Hedge Fund,,,0,N/A
869,0090PP-E,2019-03-31 00:00:00 +0000,Aggressive Growth,Hedge Fund,High,2262.0,1,N/A
870,0090Q3-E,2019-05-01 00:00:00 +0000,GARP,Hedge Fund,,,0,N/A
871,0090Q5-E,2008-09-30 00:00:00 +0000,,Hedge Fund,,,1,N/A
872,0090QQ-E,2019-03-31 00:00:00 +0000,Aggressive Growth,Hedge Fund,High,1372.0,1,N/A
873,0090QV-E,2007-09-30 00:00:00 +0000,,Hedge Fund,,,1,N/A
874,0090QX-E,2015-09-30 00:00:00 +0000,,Hedge Fund,,,1,N/A
875,0090RF-E,2014-09-30 00:00:00 +0000,,Hedge Fund,,,1,N/A
876,0090RH-E,2019-03-31 00:00:00 +0000,Aggressive Growth,Hedge Fund,High,5725.0,1,N/A
877,0090RN-E,2016-04-18 00:00:00 +0000,,Hedge Fund,,,0,N/A
878,0090S1-E,2007-12-31 00:00:00 +0000,,Hedge Fund,,,1,N/A
879,0090SR-E,2009-09-30 00:00:00 +0000,,Hedge Fund,,,1,N/A
880,0090TK-E,2019-03-31 00:00:00 +0000,Value,Hedge Fund,High,419.0,1,N/A
881,0090Y9-E,,,Hedge Fund,,,0,N/A
882,0090ZL-E,2017-06-01 00:00:00 +0000,GARP,Hedge Fund,,,0,N/A
883,009161-E,2019-03-31 00:00:00 +0000,Aggressive Growth,Hedge Fund,Very Low,177.0,1,N/A
884,00917C-E,,,Hedge Fund,,,0,N/A
885,0091MB-E,2019-03-31 00:00:00 +0000,Yield,Hedge Fund,Medium,86.0,1,N/A
886,0091ML-E,2010-12-31 00:00:00 +0000,,Hedge Fund,,,1,N/A
887,0091SK-E,,,Hedge Fund,,,0,N/A
888,00925W-E,2019-03-31 00:00:00 +0000,Value,Hedge Fund,Medium,4964.0,1,N/A
889,0093H5-E,,,Hedge Fund,,,0,N/A
890,0093HC-E,,,Hedge Fund,,2058.0,0,N/A
891,0095QQ-E,2008-06-30 00:00:00 +0000,,Hedge Fund,,,1,N/A
892,0096YS-E,2019-03-31 00:00:00 +0000,Aggressive Growth,Hedge Fund,Medium,1503.0,1,N/A
893,00977J-E,2011-07-06 00:00:00 +0000,,Hedge Fund,,,0,N/A
894,00978H-E,2019-03-31 00:00:00 +0000,Value,Hedge Fund,Very Low,223.0,1,N/A
895,0097P5-E,2010-04-26 00:00:00 +0000,,Hedge Fund,,,0,N/A
896,0097Z6-E,,,Hedge Fund,,,0,N/A
897,00985B-E,,,Hedge Fund,,,0,N/A
898,009880-E,2019-03-31 00:00:00 +0000,Growth,Hedge Fund,High,3202.0,1,N/A
899,0098BM-E,2019-03-31 00:00:00 +0000,Growth,Hedge Fund,Very High,8341.0,1,N/A
900,0098C0-E,2007-12-31 00:00:00 +0000,,Hedge Fund,,,1,N/A
901,0098FZ-E,2014-03-31 00:00:00 +0000,,Hedge Fund,,,0,N/A
902,0098P9-E,2019-03-31 00:00:00 +0000,Aggressive Growth,Hedge Fund,Very Low,,1,N/A
903,009C6S-E,2008-09-30 00:00:00 +0000,,Hedge Fund,,,1,N/A
904,009C7F-E,2019-03-31 00:00:00 +0000,Growth,Hedge Fund,Medium,27243.0,1,N/A
905,009CH4-E,2019-05-14 00:00:00 +0000,Value,Hedge Fund,,35.0,0,N/A
906,009D0Z-E,,,Hedge Fund,,97.0,0,N/A
907,009DHP-E,,,Hedge Fund,,,0,N/A
908,009DQ0-E,,,Hedge Fund,,,0,N/A
909,009F19-E,2019-03-31 00:00:00 +0000,GARP,Hedge Fund,,1447.0,1,N/A
910,009FTX-E,2007-06-29 00:00:00 +0000,,Hedge Fund,,202.0,0,N/A
911,009FV1-E,2018-03-21 00:00:00 +0000,,Hedge Fund,,,0,N/A
912,009G1P-E,2019-03-31 00:00:00 +0000,Aggressive Growth,Hedge Fund,High,149.0,1,N/A
913,009GS4-E,2009-09-30 00:00:00 +0000,,Hedge Fund,,20.0,0,N/A
914,009H95-E,2019-05-07 00:00:00 +0000,GARP,Hedge Fund,,2290.0,0,N/A
915,009JJ8-E,2008-11-04 00:00:00 +0000,,Hedge Fund,,,0,N/A
916,009JPB-E,2008-06-30 00:00:00 +0000,,Hedge Fund,,,1,N/A
917,009JPV-E,2019-03-31 00:00:00 +0000,Growth,Hedge Fund,Low,1151.0,1,N/A
918,009KD3-E,2019-03-31 00:00:00 +0000,Deep Value,Hedge Fund,Very Low,1023.0,1,N/A
919,009KG1-E,2014-06-27 00:00:00 +0000,,Hedge Fund,,,1,N/A
920,009KZJ-E,2019-03-31 00:00:00 +0000,Aggressive Growth,Hedge Fund,Low,4180.0,1,N/A
921,009LDC-E,2013-12-31 00:00:00 +0000,,Hedge Fund,,,1,N/A
922,009M8F-E,2018-12-31 00:00:00 +0000,GARP,Hedge Fund,,45769.0,0,N/A
923,009MNR-E,2013-09-01 00:00:00 +0000,GARP,Hedge Fund,,,0,N/A
924,009MSH-E,,,Hedge Fund,,,0,N/A
925,009N4W-E,2015-10-05 00:00:00 +0000,,Hedge Fund,,,0,N/A
926,009PVC-E,,,Hedge Fund,,,0,N/A
927,009Q6F-E,2019-03-31 00:00:00 +0000,Index,Hedge Fund,Medium,4962.0,1,N/A
928,009RD4-E,2019-03-31 00:00:00 +0000,Aggressive Growth,Hedge Fund,Low,198.0,1,N/A
929,009S70-E,2010-06-30 00:00:00 +0000,,Hedge Fund,,,1,N/A
930,009SJV-E,2012-09-07 00:00:00 +0000,GARP,Hedge Fund,,,0,N/A
931,009SSH-E,2019-03-31 00:00:00 +0000,Deep Value,Hedge Fund,Low,6160.0,1,N/A
932,009VJ4-E,2018-01-31 00:00:00 +0000,,Hedge Fund,,7579.0,0,N/A
933,009VM4-E,2019-03-31 00:00:00 +0000,Aggressive Growth,Hedge Fund,High,45672.0,1,N/A
934,009WLR-E,2008-07-31 00:00:00 +0000,,Hedge Fund,,,0,N/A
935,009X9X-E,2016-02-23 00:00:00 +0000,,Hedge Fund,,,0,N/A
936,009XF7-E,2015-12-31 00:00:00 +0000,,Hedge Fund,,,0,N/A
937,009XT0-E,2006-01-31 00:00:00 +0000,,Hedge Fund,,,0,N/A
938,009XWX-E,2008-09-30 00:00:00 +0000,,Hedge Fund,,,1,N/A
939,009XX0-E,2015-02-13 00:00:00 +0000,,Hedge Fund,,,0,N/A
940,009Y2D-E,2017-07-31 00:00:00 +0000,,Hedge Fund,,,1,N/A
941,009Y3C-E,2009-09-30 00:00:00 +0000,,Hedge Fund,,,1,N/A
942,009Y5G-E,2019-03-31 00:00:00 +0000,Aggressive Growth,Hedge Fund,Medium,18935.0,1,N/A
943,009YCH-E,2008-03-31 00:00:00 +0000,,Hedge Fund,,,1,N/A
944,009YG7-E,2014-12-31 00:00:00 +0000,,Hedge Fund,,13.0,0,N/A
945,009YQP-E,2008-09-30 00:00:00 +0000,,Hedge Fund,,,1,N/A
946,009YS4-E,2019-03-31 00:00:00 +0000,Growth,Hedge Fund,Low,1170.0,1,N/A
947,009Z0Y-E,2012-06-30 00:00:00 +0000,,Hedge Fund,,,1,N/A
948,009Z68-E,2019-03-31 00:00:00 +0000,Deep Value,Hedge Fund,High,180.0,1,N/A
949,009Z9H-E,2018-03-31 00:00:00 +0000,,Hedge Fund,,,1,N/A
950,009ZDN-E,2013-06-30 00:00:00 +0000,,Hedge Fund,,,0,N/A
951,009ZLP-E,,,Hedge Fund,,,0,N/A
952,009ZM9-E,2014-09-30 00:00:00 +0000,,Hedge Fund,,,1,N/A
953,009ZPQ-E,2008-09-30 00:00:00 +0000,,Hedge Fund,,,1,N/A
954,009ZVL-E,2019-03-31 00:00:00 +0000,Aggressive Growth,Hedge Fund,Low,11455.0,1,N/A
955,009ZW1-E,2017-04-20 00:00:00 +0000,,Hedge Fund,,1669.0,0,N/A
956,009ZWN-E,2015-09-30 00:00:00 +0000,,Hedge Fund,,,0,N/A
957,009ZWQ-E,2009-12-31 00:00:00 +0000,,Hedge Fund,,,0,N/A
958,009ZY7-E,2015-09-30 00:00:00 +0000,,Hedge Fund,,,1,N/A
959,009ZZ4-E,2009-09-30 00:00:00 +0000,,Hedge Fund,,,0,N/A
960,009ZZC-E,2018-09-30 00:00:00 +0000,GARP,Hedge Fund,,,0,N/A
961,009ZZY-E,2019-03-31 00:00:00 +0000,Growth,Hedge Fund,High,3040.0,1,N/A
962,00B000-E,1980-01-01 00:00:00 +0000,,Hedge Fund,,,1,N/A
963,00B002-E,2019-03-31 00:00:00 +0000,Growth,Hedge Fund,Very Low,1630.0,1,N/A
964,00B005-E,2018-07-03 00:00:00 +0000,Deep Value,Hedge Fund,,23403.0,0,N/A
965,00B016-E,2019-03-31 00:00:00 +0000,Aggressive Growth,Hedge Fund,High,17447.0,1,N/A
966,00B01Y-E,2019-03-31 00:00:00 +0000,Deep Value,Hedge Fund,High,214.0,1,N/A
967,00B0BQ-E,2019-05-15 00:00:00 +0000,Yield,Hedge Fund,,140.0,0,N/A
968,00B0DF-E,2012-10-12 00:00:00 +0000,,Hedge Fund,,,0,N/A
969,00B0NH-E,2012-04-09 00:00:00 +0000,,Hedge Fund,,,0,N/A
970,00B10N-E,2007-12-31 00:00:00 +0000,,Hedge Fund,,,1,N/A
971,00B143-E,,,Hedge Fund,,,0,N/A
972,00B182-E,2019-03-31 00:00:00 +0000,Yield,Hedge Fund,Low,4683.0,1,N/A
973,00B218-E,2010-12-31 00:00:00 +0000,,Hedge Fund,,,1,N/A
974,00B3WK-E,,,Hedge Fund,,,0,N/A
975,00B53X-E,2019-03-31 00:00:00 +0000,Deep Value,Hedge Fund,Medium,1056.0,1,N/A
976,00B5F9-E,2014-10-31 00:00:00 +0000,,Hedge Fund,,,0,N/A
977,00B5R3-E,2019-03-31 00:00:00 +0000,Aggressive Growth,Hedge Fund,Medium,,1,N/A
978,00B6HM-E,2019-03-31 00:00:00 +0000,Value,Hedge Fund,Low,4800.0,1,N/A
979,00B705-E,2014-09-30 00:00:00 +0000,,Hedge Fund,,,1,N/A
980,00B8CH-E,2015-05-19 00:00:00 +0000,,Hedge Fund,,,0,N/A
981,00B9K7-E,2017-09-30 00:00:00 +0000,,Hedge Fund,,,0,N/A
982,00B9L2-E,2017-09-01 00:00:00 +0000,,Hedge Fund,,,0,N/A
983,00BBDQ-E,,,Hedge Fund,,,0,N/A
984,00BBJQ-E,2019-03-31 00:00:00 +0000,Value,Hedge Fund,Very Low,952.0,1,N/A
985,00BC1Y-E,2009-09-30 00:00:00 +0000,,Hedge Fund,,,0,N/A
986,00BCTJ-E,2019-03-31 00:00:00 +0000,Growth,Hedge Fund,High,192.0,1,N/A
987,00BDBS-E,2019-03-31 00:00:00 +0000,Yield,Hedge Fund,,10697.0,1,N/A
988,00BF4F-E,,,Hedge Fund,,,1,N/A
989,00BFVW-E,2019-03-31 00:00:00 +0000,Deep Value,Hedge Fund,Very Low,191.0,1,N/A
990,00BJ6W-E,2019-03-31 00:00:00 +0000,Aggressive Growth,Hedge Fund,,1201.0,1,N/A
991,00BJ81-E,2019-03-31 00:00:00 +0000,Aggressive Growth,Hedge Fund,High,391.0,1,N/A
992,00BJCT-E,2013-12-31 00:00:00 +0000,,Hedge Fund,,,0,N/A
993,00BK5H-E,,,Hedge Fund,,,0,N/A
994,00BK65-E,2019-03-31 00:00:00 +0000,Growth,Hedge Fund,Medium,3752.0,1,N/A
995,00BKYH-E,2010-12-31 00:00:00 +0000,,Hedge Fund,,,1,N/A
996,00BL9L-E,2014-03-31 00:00:00 +0000,,Hedge Fund,,,0,N/A
997,00BQ8H-E,,,Hedge Fund,,,0,N/A
998,00BQCM-E,2010-09-30 00:00:00 +0000,,Hedge Fund,,,1,N/A
999,00BQGV-E,2019-03-31 00:00:00 +0000,GARP,Hedge Fund,Very Low,393.0,1,N/A
