FactSetEntityId,CurrentReportDate,Style,ManagerStyle,TurnoverLabel,TotalAUM,FDS13FFlag
000C65-E,2019-03-31 00:00:00 +0000,Value,Hedge Fund,Medium,40215,1
000C6K-E,2018-02-28 00:00:00 +0000,GARP,Hedge Fund,,NULL,0
000C8R-E,2019-03-31 00:00:00 +0000,Aggressive Growth,Hedge Fund,High,895,1
000C90-E,2008-09-30 00:00:00 +0000,,Hedge Fund,,NULL,1
000CK2-E,2000-09-29 00:00:00 +0000,,Hedge Fund,,NULL,0
000CN3-E,2019-03-31 00:00:00 +0000,Deep Value,Hedge Fund,Low,2820,1
000CND-E,2019-03-31 00:00:00 +0000,Value,Hedge Fund,High,30747,1
000FFT-E,2019-03-31 00:00:00 +0000,Deep Value,Hedge Fund,Medium,182,1
000HK7-E,2006-03-31 00:00:00 +0000,,Hedge Fund,,NULL,1
000JCY-E,2018-05-01 00:00:00 +0000,,Hedge Fund,,NULL,1
000JGK-E,2019-03-31 00:00:00 +0000,Aggressive Growth,Hedge Fund,Medium,33643,1
000LT6-E,NULL,,Hedge Fund,,NULL,1
000LVP-E,2011-12-31 00:00:00 +0000,,Hedge Fund,,NULL,1
000LXL-E,2019-03-31 00:00:00 +0000,Yield,Hedge Fund,Low,NULL,1
000NXG-E,2017-03-20 00:00:00 +0000,,Hedge Fund,,NULL,1
000P0M-E,2017-11-21 00:00:00 +0000,Yield,Hedge Fund,,31,0
000PF7-E,2012-09-30 00:00:00 +0000,,Hedge Fund,,NULL,1
000PQ2-E,NULL,,Hedge Fund,,NULL,0
000VKD-E,2017-04-10 00:00:00 +0000,,Hedge Fund,,NULL,0
000VN1-E,2019-03-31 00:00:00 +0000,Growth,Hedge Fund,Low,157,1
000VR8-E,2018-12-31 00:00:00 +0000,Value,Hedge Fund,,NULL,0
000YSW-E,2006-05-09 00:00:00 +0000,,Hedge Fund,,NULL,1
000Z45-E,NULL,,Hedge Fund,,694,0
000ZFK-E,2017-03-10 00:00:00 +0000,,Hedge Fund,,NULL,1
0010BL-E,2019-03-31 00:00:00 +0000,Value,Hedge Fund,,NULL,1
0010FM-E,2019-03-31 00:00:00 +0000,Growth,Hedge Fund,Medium,NULL,1
0010SD-E,2019-02-01 00:00:00 +0000,GARP,Hedge Fund,,NULL,0
00116S-E,2008-12-31 00:00:00 +0000,,Hedge Fund,,NULL,1
0011J1-E,2007-03-31 00:00:00 +0000,,Hedge Fund,,NULL,1
0011TN-E,2018-10-17 00:00:00 +0000,,Hedge Fund,,574,0
0011XG-E,2007-09-30 00:00:00 +0000,,Hedge Fund,,NULL,1
0011Y4-E,2019-03-31 00:00:00 +0000,Aggressive Growth,Hedge Fund,Medium,1901,1
0012MH-E,2019-03-31 00:00:00 +0000,Aggressive Growth,Hedge Fund,High,1703,1
0012ZV-E,2019-03-31 00:00:00 +0000,Aggressive Growth,Hedge Fund,High,29099,1
00132N-E,2019-03-31 00:00:00 +0000,Aggressive Growth,Hedge Fund,High,2482,1
00134N-E,2019-03-31 00:00:00 +0000,Aggressive Growth,Hedge Fund,Very Low,2725,1
001358-E,2019-03-31 00:00:00 +0000,Deep Value,Hedge Fund,High,741,1
0013X9-E,2019-03-31 00:00:00 +0000,Yield,Hedge Fund,Very Low,25066,1
0013XN-E,2019-04-01 00:00:00 +0000,GARP,Hedge Fund,,NULL,0
0013ZM-E,2019-03-31 00:00:00 +0000,Aggressive Growth,Hedge Fund,Very Low,182,1
00140T-E,2019-03-31 00:00:00 +0000,Aggressive Growth,Hedge Fund,High,28579,1
0014VV-E,NULL,,Hedge Fund,,NULL,0
0016FP-E,2019-03-31 00:00:00 +0000,Aggressive Growth,Hedge Fund,Low,10074,1
0016HY-E,2012-03-31 00:00:00 +0000,,Hedge Fund,,NULL,1
0016Z2-E,2019-03-31 00:00:00 +0000,Aggressive Growth,Hedge Fund,Medium,NULL,1
00176H-E,2019-03-31 00:00:00 +0000,Aggressive Growth,Hedge Fund,High,1397,1
00179W-E,2019-03-31 00:00:00 +0000,Aggressive Growth,Hedge Fund,Medium,NULL,1
0017GJ-E,2019-03-15 00:00:00 +0000,Aggressive Growth,Hedge Fund,,50,0
0017HB-E,2005-01-12 00:00:00 +0000,,Hedge Fund,,NULL,1
0017ZB-E,2008-12-31 00:00:00 +0000,,Hedge Fund,,NULL,1
0018BF-E,2005-11-14 00:00:00 +0000,,Hedge Fund,,NULL,1
0018FW-E,2014-01-27 00:00:00 +0000,,Hedge Fund,,NULL,1
0018XT-E,2019-03-31 00:00:00 +0000,Value,Hedge Fund,High,36060,1
001BMP-E,2019-04-22 00:00:00 +0000,Deep Value,Hedge Fund,,NULL,0
001BQN-E,2019-03-31 00:00:00 +0000,Deep Value,Hedge Fund,Very Low,372,1
001BRP-E,2016-06-30 00:00:00 +0000,,Hedge Fund,,NULL,1
001CMV-E,2008-09-30 00:00:00 +0000,,Hedge Fund,,NULL,1
001DDN-E,NULL,,Hedge Fund,,NULL,0
001DGK-E,2019-03-31 00:00:00 +0000,Aggressive Growth,Hedge Fund,Medium,NULL,1
001DN5-E,2018-07-20 00:00:00 +0000,GARP,Hedge Fund,,552,0
001DTQ-E,2007-10-31 00:00:00 +0000,,Hedge Fund,,NULL,1
001F5Z-E,2019-03-31 00:00:00 +0000,Aggressive Growth,Hedge Fund,,NULL,1
001FCX-E,2012-12-31 00:00:00 +0000,,Hedge Fund,,NULL,0
001G5D-E,2010-12-31 00:00:00 +0000,,Hedge Fund,,NULL,1
001H9C-E,2019-03-31 00:00:00 +0000,Aggressive Growth,Hedge Fund,Medium,686,1
001H9G-E,2009-06-30 00:00:00 +0000,,Hedge Fund,,NULL,1
001J02-E,2015-09-30 00:00:00 +0000,,Hedge Fund,,NULL,1
001JJT-E,2007-08-30 00:00:00 +0000,,Hedge Fund,,NULL,0
001KZT-E,2014-02-24 00:00:00 +0000,,Hedge Fund,,NULL,1
001LH5-E,2015-12-31 00:00:00 +0000,,Hedge Fund,,76,0
001LRL-E,2018-06-07 00:00:00 +0000,Yield,Hedge Fund,,1886,0
001LTJ-E,2019-04-08 00:00:00 +0000,Aggressive Growth,Hedge Fund,,NULL,0
001M86-E,2019-03-31 00:00:00 +0000,Value,Hedge Fund,Medium,8736,1
001MWW-E,2015-09-30 00:00:00 +0000,,Hedge Fund,,NULL,1
001P2K-E,NULL,,Hedge Fund,,NULL,0
001P7Y-E,2009-09-30 00:00:00 +0000,,Hedge Fund,,NULL,1
001PJY-E,2019-03-31 00:00:00 +0000,Value,Hedge Fund,Very Low,1856,1
001PKQ-E,2013-03-31 00:00:00 +0000,,Hedge Fund,,NULL,0
001Q0T-E,2019-03-31 00:00:00 +0000,Value,Hedge Fund,Medium,2232,1
001Q1T-E,2019-03-31 00:00:00 +0000,Yield,Hedge Fund,Medium,174,1
001Q8G-E,NULL,,Hedge Fund,,5024,0
001QW9-E,2011-06-30 00:00:00 +0000,,Hedge Fund,,NULL,1
001RH3-E,2018-12-31 00:00:00 +0000,GARP,Hedge Fund,,76,0
001S4P-E,2019-03-31 00:00:00 +0000,Deep Value,Hedge Fund,Very Low,NULL,1
001SBP-E,2006-12-31 00:00:00 +0000,,Hedge Fund,,NULL,1
001SHD-E,2018-12-31 00:00:00 +0000,Aggressive Growth,Hedge Fund,,NULL,0
001T00-E,2011-12-10 00:00:00 +0000,,Hedge Fund,,NULL,0
001T4W-E,2014-09-30 00:00:00 +0000,,Hedge Fund,,NULL,0
001TFZ-E,2019-03-31 00:00:00 +0000,Value,Hedge Fund,Very High,2632,1
001TK8-E,2019-03-31 00:00:00 +0000,Deep Value,Hedge Fund,Medium,67863,1
001TLD-E,2019-03-31 00:00:00 +0000,Deep Value,Hedge Fund,Medium,3854,1
001TYJ-E,2008-08-04 00:00:00 +0000,,Hedge Fund,,NULL,1
001V32-E,2018-12-31 00:00:00 +0000,Aggressive Growth,Hedge Fund,,NULL,0
001VR9-E,2019-03-31 00:00:00 +0000,Aggressive Growth,Hedge Fund,High,42972,1
001W3Q-E,2019-03-31 00:00:00 +0000,Aggressive Growth,Hedge Fund,Very Low,NULL,1
001W41-E,NULL,,Hedge Fund,,NULL,0
001WYK-E,NULL,,Hedge Fund,,48330,0
001Y8F-E,2014-08-31 00:00:00 +0000,,Hedge Fund,,NULL,1
001YD6-E,2019-03-31 00:00:00 +0000,Aggressive Growth,Hedge Fund,Medium,48415,1
001YPY-E,NULL,,Hedge Fund,,NULL,0
001Z1N-E,2011-06-30 00:00:00 +0000,,Hedge Fund,,NULL,1
001Z79-E,2019-03-31 00:00:00 +0000,Deep Value,Hedge Fund,Very Low,108,1
001ZRD-E,2005-02-28 00:00:00 +0000,GARP,Hedge Fund,,NULL,0
001ZVG-E,NULL,,Hedge Fund,,NULL,0
001ZYX-E,2008-09-30 00:00:00 +0000,,Hedge Fund,,NULL,1
002074-E,NULL,,Hedge Fund,,NULL,0
00208Z-E,2019-03-31 00:00:00 +0000,Aggressive Growth,Hedge Fund,Very Low,NULL,1
0020Z0-E,2019-03-31 00:00:00 +0000,Value,Hedge Fund,Very Low,NULL,1
0020ZT-E,2009-03-31 00:00:00 +0000,,Hedge Fund,,NULL,1
0021HZ-E,2019-04-30 00:00:00 +0000,Aggressive Growth,Hedge Fund,Very Low,NULL,0
0021QB-E,2019-03-31 00:00:00 +0000,Aggressive Growth,Hedge Fund,,NULL,1
0022H4-E,2019-03-31 00:00:00 +0000,Aggressive Growth,Hedge Fund,Medium,32100,1
0022Z8-E,2011-12-31 00:00:00 +0000,,Hedge Fund,,NULL,1
002340-E,2019-03-31 00:00:00 +0000,Growth,Hedge Fund,Medium,3321,1
0023D5-E,2019-03-31 00:00:00 +0000,GARP,Hedge Fund,Medium,1265,1
00245B-E,2019-03-31 00:00:00 +0000,Value,Hedge Fund,Medium,744,1
0024FZ-E,NULL,,Hedge Fund,,NULL,0
0024G2-E,2005-03-03 00:00:00 +0000,,Hedge Fund,,NULL,0
0024GN-E,2019-03-31 00:00:00 +0000,Value,Hedge Fund,Low,295,1
0024Q4-E,2019-03-31 00:00:00 +0000,Value,Hedge Fund,Low,21353,1
00253Y-E,NULL,,Hedge Fund,,NULL,0
002544-E,2013-04-15 00:00:00 +0000,,Hedge Fund,,NULL,1
002656-E,2019-03-31 00:00:00 +0000,Aggressive Growth,Hedge Fund,High,15990,1
00266Z-E,2010-03-31 00:00:00 +0000,,Hedge Fund,,NULL,1
0026MR-E,2005-06-30 00:00:00 +0000,,Hedge Fund,,NULL,1
0027WG-E,NULL,,Hedge Fund,,NULL,1
00285H-E,2006-12-31 00:00:00 +0000,,Hedge Fund,,NULL,1
0029TB-E,2008-09-30 00:00:00 +0000,,Hedge Fund,,NULL,0
0029VD-E,2000-06-07 00:00:00 +0000,,Hedge Fund,,NULL,1
0029W3-E,2019-03-31 00:00:00 +0000,Deep Value,Hedge Fund,Medium,502,1
002B0Y-E,2007-03-22 00:00:00 +0000,,Hedge Fund,,NULL,0
002B2T-E,2005-12-31 00:00:00 +0000,,Hedge Fund,,NULL,0
002BX9-E,2018-05-14 00:00:00 +0000,Deep Value,Hedge Fund,,NULL,0
002C4W-E,2007-09-10 00:00:00 +0000,,Hedge Fund,,NULL,1
002C68-E,2008-09-30 00:00:00 +0000,,Hedge Fund,,NULL,1
002CS5-E,2019-03-31 00:00:00 +0000,Value,Hedge Fund,Very Low,18699,1
002CZ9-E,2019-03-31 00:00:00 +0000,Aggressive Growth,Hedge Fund,High,NULL,1
002DDZ-E,2010-09-30 00:00:00 +0000,,Hedge Fund,,NULL,1
002DFS-E,2019-03-31 00:00:00 +0000,Growth,Hedge Fund,High,14943,1
002DKJ-E,2016-12-31 00:00:00 +0000,,Hedge Fund,,NULL,1
002DZN-E,2019-03-31 00:00:00 +0000,Yield,Hedge Fund,Medium,NULL,1
002F3R-E,NULL,,Hedge Fund,,NULL,0
002F9P-E,2019-03-31 00:00:00 +0000,Aggressive Growth,Hedge Fund,Medium,14600,1
002FVQ-E,2019-03-31 00:00:00 +0000,Aggressive Growth,Hedge Fund,Medium,25937,1
002GF2-E,NULL,,Hedge Fund,,NULL,0
002GFZ-E,2011-09-30 00:00:00 +0000,,Hedge Fund,,NULL,1
002GK8-E,2015-12-31 00:00:00 +0000,,Hedge Fund,,NULL,1
002GTL-E,2011-04-01 00:00:00 +0000,,Hedge Fund,,NULL,1
002GZZ-E,2014-02-28 00:00:00 +0000,,Hedge Fund,,NULL,1
002H22-E,2006-12-31 00:00:00 +0000,,Hedge Fund,,NULL,1
002H4C-E,2019-04-26 00:00:00 +0000,Aggressive Growth,Hedge Fund,,249,0
002H97-E,2011-03-31 00:00:00 +0000,,Hedge Fund,,NULL,0
002HB5-E,2011-09-30 00:00:00 +0000,,Hedge Fund,,NULL,1
002HCW-E,2013-12-31 00:00:00 +0000,,Hedge Fund,,NULL,1
002HDR-E,2009-03-31 00:00:00 +0000,,Hedge Fund,,67,0
002HDY-E,2019-03-31 00:00:00 +0000,Aggressive Growth,Hedge Fund,Low,5886,1
002HFC-E,2017-09-30 00:00:00 +0000,,Hedge Fund,,NULL,1
002HFD-E,2019-03-31 00:00:00 +0000,GARP,Hedge Fund,Medium,7495,1
002HFS-E,2018-03-02 00:00:00 +0000,,Hedge Fund,,NULL,0
002HFX-E,2019-03-31 00:00:00 +0000,Growth,Hedge Fund,Medium,10948,1
002HKH-E,2006-03-07 00:00:00 +0000,,Hedge Fund,,NULL,1
002HLM-E,2019-03-31 00:00:00 +0000,Aggressive Growth,Hedge Fund,Medium,552,1
002HMF-E,2019-03-31 00:00:00 +0000,Aggressive Growth,Hedge Fund,High,9467,1
002HMH-E,NULL,,Hedge Fund,,NULL,1
002HNM-E,NULL,,Hedge Fund,,NULL,0
002HP1-E,2017-01-10 00:00:00 +0000,,Hedge Fund,,NULL,1
002HP4-E,2019-03-31 00:00:00 +0000,Growth,Hedge Fund,High,20570,1
002HP7-E,2013-03-04 00:00:00 +0000,,Hedge Fund,,NULL,1
002HPR-E,2008-03-25 00:00:00 +0000,,Hedge Fund,,NULL,1
002HPZ-E,2012-09-30 00:00:00 +0000,,Hedge Fund,,NULL,0
002HQV-E,2015-12-31 00:00:00 +0000,,Hedge Fund,,NULL,1
002HR5-E,2019-03-31 00:00:00 +0000,Aggressive Growth,Hedge Fund,High,3197,1
002HR6-E,2015-09-30 00:00:00 +0000,,Hedge Fund,,NULL,1
002HRF-E,2019-03-31 00:00:00 +0000,Growth,Hedge Fund,Very High,16311,1
002HRY-E,2005-06-30 00:00:00 +0000,,Hedge Fund,,NULL,1
002HT8-E,NULL,,Hedge Fund,,NULL,0
002HVD-E,2014-12-31 00:00:00 +0000,,Hedge Fund,,NULL,1
002HVP-E,2019-03-31 00:00:00 +0000,Growth,Hedge Fund,Low,715,1
002HW1-E,2015-09-30 00:00:00 +0000,GARP,Hedge Fund,,NULL,0
002HWL-E,2009-12-31 00:00:00 +0000,,Hedge Fund,,NULL,1
002HWN-E,2012-08-31 00:00:00 +0000,,Hedge Fund,,NULL,1
002HXC-E,2019-03-31 00:00:00 +0000,Aggressive Growth,Hedge Fund,High,199,1
002HXK-E,2012-06-30 00:00:00 +0000,,Hedge Fund,,NULL,1
002HXV-E,2019-03-31 00:00:00 +0000,Aggressive Growth,Hedge Fund,Medium,1851,1
002HZR-E,2019-03-31 00:00:00 +0000,Growth,Hedge Fund,Low,1766,1
002HZW-E,2019-03-31 00:00:00 +0000,GARP,Hedge Fund,Low,715,1
002HZX-E,2019-03-31 00:00:00 +0000,Aggressive Growth,Hedge Fund,Very Low,3422,1
002J17-E,NULL,,Hedge Fund,,NULL,0
002J1R-E,2019-03-31 00:00:00 +0000,Growth,Hedge Fund,High,20456,1
002J39-E,2006-12-31 00:00:00 +0000,,Hedge Fund,,NULL,1
002J3K-E,2016-09-30 00:00:00 +0000,,Hedge Fund,,NULL,1
002J3W-E,2019-03-31 00:00:00 +0000,Growth,Hedge Fund,Very Low,796,1
002J41-E,2019-03-31 00:00:00 +0000,Aggressive Growth,Hedge Fund,Medium,130945,1
002J4S-E,2018-12-31 00:00:00 +0000,,Hedge Fund,,6993,0
002J57-E,2019-03-31 00:00:00 +0000,Aggressive Growth,Hedge Fund,Low,1595,1
002J5H-E,2013-08-14 00:00:00 +0000,,Hedge Fund,,NULL,1
002J5N-E,2019-03-31 00:00:00 +0000,Growth,Hedge Fund,Very Low,4738,1
002J6G-E,2019-03-31 00:00:00 +0000,Aggressive Growth,Hedge Fund,Medium,744,1
002J7Z-E,2007-09-30 00:00:00 +0000,,Hedge Fund,,NULL,1
002J87-E,2010-03-31 00:00:00 +0000,,Hedge Fund,,NULL,1
002JCR-E,NULL,,Hedge Fund,,NULL,1
002JJY-E,2019-03-31 00:00:00 +0000,Aggressive Growth,Hedge Fund,High,9350,1
002JKF-E,2019-03-31 00:00:00 +0000,Aggressive Growth,Hedge Fund,Medium,80097,1
002JLJ-E,2007-12-31 00:00:00 +0000,,Hedge Fund,,NULL,1
002JZ5-E,2007-06-30 00:00:00 +0000,,Hedge Fund,,NULL,0
002K07-E,2005-01-13 00:00:00 +0000,,Hedge Fund,,NULL,1
002K0C-E,2009-02-24 00:00:00 +0000,,Hedge Fund,,NULL,1
002K35-E,2019-03-31 00:00:00 +0000,Yield,Hedge Fund,Low,NULL,1
002K5H-E,2008-09-30 00:00:00 +0000,,Hedge Fund,,NULL,1
002KCX-E,2019-03-31 00:00:00 +0000,GARP,Hedge Fund,Medium,NULL,1
002KFT-E,2011-09-30 00:00:00 +0000,,Hedge Fund,,NULL,1
002KJS-E,2012-12-31 00:00:00 +0000,,Hedge Fund,,NULL,1
002L82-E,2012-09-30 00:00:00 +0000,,Hedge Fund,,NULL,0
002LHN-E,2019-03-31 00:00:00 +0000,Value,Hedge Fund,Medium,1183,1
002LRJ-E,2018-12-31 00:00:00 +0000,,Hedge Fund,,129,0
002LTL-E,NULL,,Hedge Fund,,NULL,0
002LY0-E,2013-06-30 00:00:00 +0000,,Hedge Fund,,NULL,0
002M54-E,2018-12-31 00:00:00 +0000,,Hedge Fund,,173,0
002MW6-E,2019-03-31 00:00:00 +0000,Growth,Hedge Fund,High,NULL,1
002NGP-E,2008-09-30 00:00:00 +0000,,Hedge Fund,,NULL,1
002NVS-E,2014-03-03 00:00:00 +0000,,Hedge Fund,,NULL,1
002P3C-E,2018-01-02 00:00:00 +0000,,Hedge Fund,,NULL,0
002P8N-E,2004-08-11 00:00:00 +0000,,Hedge Fund,,NULL,0
002P9V-E,2019-03-31 00:00:00 +0000,Aggressive Growth,Hedge Fund,Very Low,323,1
002PCB-E,2015-02-17 00:00:00 +0000,,Hedge Fund,,NULL,1
002PDZ-E,NULL,,Hedge Fund,,NULL,0
002PFM-E,2019-03-31 00:00:00 +0000,GARP,Hedge Fund,High,43873,1
002PTG-E,2014-07-01 00:00:00 +0000,,Hedge Fund,,NULL,0
002QKC-E,2008-12-31 00:00:00 +0000,,Hedge Fund,,NULL,0
002S10-E,2019-04-15 00:00:00 +0000,GARP,Hedge Fund,,NULL,0
002S5Q-E,2019-05-02 00:00:00 +0000,GARP,Hedge Fund,,NULL,0
002SBB-E,2019-03-31 00:00:00 +0000,Deep Value,Hedge Fund,Medium,490,1
002SQ3-E,2019-03-31 00:00:00 +0000,Aggressive Growth,Hedge Fund,Medium,1931,1
002SQC-E,2009-09-30 00:00:00 +0000,,Hedge Fund,,NULL,1
002SXM-E,2019-03-31 00:00:00 +0000,GARP,Hedge Fund,,NULL,1
002T26-E,2010-12-31 00:00:00 +0000,,Hedge Fund,,NULL,0
002T2S-E,2010-03-25 00:00:00 +0000,,Hedge Fund,,NULL,1
002T3G-E,NULL,,Hedge Fund,,NULL,1
002T44-E,2010-10-31 00:00:00 +0000,,Hedge Fund,,NULL,1
002T49-E,NULL,,Hedge Fund,,NULL,0
002T5P-E,2012-06-30 00:00:00 +0000,,Hedge Fund,,NULL,0
002T68-E,2004-09-17 00:00:00 +0000,,Hedge Fund,,NULL,1
002T6T-E,NULL,,Hedge Fund,,NULL,1
002T7Z-E,2009-03-31 00:00:00 +0000,,Hedge Fund,,NULL,1
002T9S-E,2019-03-31 00:00:00 +0000,Deep Value,Hedge Fund,Medium,10461,1
002TCB-E,2019-03-31 00:00:00 +0000,Value,Hedge Fund,Low,6035,1
002TCM-E,2014-08-01 00:00:00 +0000,,Hedge Fund,,NULL,1
002TH3-E,2011-09-30 00:00:00 +0000,,Hedge Fund,,NULL,1
002THM-E,2007-04-02 00:00:00 +0000,,Hedge Fund,,NULL,1
002TJ0-E,2019-03-31 00:00:00 +0000,Value,Hedge Fund,High,664,1
002TL6-E,2019-03-31 00:00:00 +0000,Aggressive Growth,Hedge Fund,Very Low,7042,1
002TNC-E,NULL,,Hedge Fund,,NULL,1
002TNZ-E,2019-03-31 00:00:00 +0000,Growth,Hedge Fund,Medium,2750,1
002TQ2-E,2013-09-30 00:00:00 +0000,,Hedge Fund,,NULL,0
002TRD-E,2019-03-31 00:00:00 +0000,Aggressive Growth,Hedge Fund,Medium,34738,1
002TTR-E,NULL,,Hedge Fund,,NULL,1
002TWC-E,2010-09-30 00:00:00 +0000,,Hedge Fund,,NULL,1
002TWV-E,NULL,,Hedge Fund,,NULL,1
002TX2-E,2017-12-31 00:00:00 +0000,GARP,Hedge Fund,,758,0
002TXY-E,2008-09-01 00:00:00 +0000,,Hedge Fund,,NULL,1
002TYF-E,2007-09-30 00:00:00 +0000,,Hedge Fund,,NULL,1
002V00-E,2016-01-04 00:00:00 +0000,,Hedge Fund,,NULL,1
002V70-E,2019-03-31 00:00:00 +0000,Deep Value,Hedge Fund,Low,909,1
002V8D-E,NULL,,Hedge Fund,,NULL,1
002VFW-E,2019-03-31 00:00:00 +0000,Aggressive Growth,Hedge Fund,High,11799,1
002VM0-E,2008-12-31 00:00:00 +0000,,Hedge Fund,,NULL,1
002VWN-E,2019-03-07 00:00:00 +0000,Value,Hedge Fund,,NULL,0
002W0N-E,2014-09-30 00:00:00 +0000,,Hedge Fund,,NULL,0
002W0R-E,NULL,,Hedge Fund,,NULL,0
002WC9-E,2007-12-31 00:00:00 +0000,,Hedge Fund,,NULL,1
002WJL-E,NULL,,Hedge Fund,,NULL,1
002XFZ-E,2013-03-31 00:00:00 +0000,,Hedge Fund,,NULL,0
002XHS-E,2019-03-31 00:00:00 +0000,Aggressive Growth,Hedge Fund,Very Low,10096,1
002Y31-E,2015-12-31 00:00:00 +0000,,Hedge Fund,,NULL,1
002Y6P-E,2008-12-31 00:00:00 +0000,,Hedge Fund,,NULL,1
002ZJ6-E,2019-03-31 00:00:00 +0000,Deep Value,Hedge Fund,Very Low,503,1
002ZZ8-E,2013-09-30 00:00:00 +0000,,Hedge Fund,,58,0
003042-E,NULL,,Hedge Fund,,NULL,1
00318B-E,2012-06-30 00:00:00 +0000,,Hedge Fund,,NULL,1
0031Z8-E,2019-03-31 00:00:00 +0000,Deep Value,Hedge Fund,Very Low,NULL,1
003261-E,2019-03-31 00:00:00 +0000,Value,Hedge Fund,,1078,1
0033CR-E,2008-04-30 00:00:00 +0000,,Hedge Fund,,NULL,0
0033N2-E,2019-03-31 00:00:00 +0000,Value,Hedge Fund,Very Low,16478,1
0033SG-E,2010-09-07 00:00:00 +0000,GARP,Hedge Fund,,NULL,0
0033TD-E,2019-02-01 00:00:00 +0000,GARP,Hedge Fund,,NULL,0
0033YG-E,2009-03-23 00:00:00 +0000,,Hedge Fund,,NULL,0
0034JJ-E,2004-09-30 00:00:00 +0000,,Hedge Fund,,NULL,1
0034V2-E,NULL,,Hedge Fund,,NULL,1
0034XZ-E,2009-03-31 00:00:00 +0000,,Hedge Fund,,NULL,1
0034ZP-E,2014-07-18 00:00:00 +0000,,Hedge Fund,,NULL,1
00351Q-E,2011-06-30 00:00:00 +0000,,Hedge Fund,,NULL,1
003536-E,NULL,,Hedge Fund,,NULL,1
00353F-E,2007-09-30 00:00:00 +0000,,Hedge Fund,,NULL,1
00353R-E,2019-03-31 00:00:00 +0000,Deep Value,Hedge Fund,Medium,1654,1
00353S-E,NULL,,Hedge Fund,,NULL,0
003546-E,2018-09-30 00:00:00 +0000,GARP,Hedge Fund,,1397,0
00357X-E,2005-06-30 00:00:00 +0000,,Hedge Fund,,NULL,1
0035C1-E,2006-04-03 00:00:00 +0000,,Hedge Fund,,NULL,0
0035CN-E,2006-12-31 00:00:00 +0000,,Hedge Fund,,NULL,1
0035G1-E,2018-12-31 00:00:00 +0000,GARP,Hedge Fund,,NULL,1
0035G5-E,2018-06-30 00:00:00 +0000,,Hedge Fund,,2671,1
0035G6-E,2010-03-31 00:00:00 +0000,,Hedge Fund,,NULL,1
0035GR-E,2009-09-30 00:00:00 +0000,,Hedge Fund,,NULL,1
0035H3-E,2013-12-31 00:00:00 +0000,,Hedge Fund,,NULL,1
0035J6-E,2004-09-30 00:00:00 +0000,,Hedge Fund,,NULL,0
0035K7-E,2008-09-30 00:00:00 +0000,,Hedge Fund,,NULL,1
0035KC-E,2008-06-30 00:00:00 +0000,,Hedge Fund,,NULL,0
0035LK-E,2019-03-31 00:00:00 +0000,GARP,Hedge Fund,Very Low,464,1
0035PV-E,2017-09-30 00:00:00 +0000,,Hedge Fund,,NULL,0
0035Q7-E,2001-11-07 00:00:00 +0000,,Hedge Fund,,NULL,1
0035QZ-E,2019-03-31 00:00:00 +0000,Aggressive Growth,Hedge Fund,Very High,4886,1
0035RP-E,2008-09-30 00:00:00 +0000,,Hedge Fund,,NULL,1
0035RS-E,2019-03-31 00:00:00 +0000,Value,Hedge Fund,High,718,1
0035TM-E,2019-03-31 00:00:00 +0000,Aggressive Growth,Hedge Fund,High,12134,1
0035W9-E,2015-12-31 00:00:00 +0000,,Hedge Fund,,NULL,1
0035YP-E,2008-03-31 00:00:00 +0000,,Hedge Fund,,NULL,1
003654-E,2009-12-31 00:00:00 +0000,,Hedge Fund,,198,0
003659-E,2019-03-31 00:00:00 +0000,Aggressive Growth,Hedge Fund,Medium,21082,1
0036G4-E,2013-07-01 00:00:00 +0000,,Hedge Fund,,38,0
0036JX-E,2019-03-31 00:00:00 +0000,Deep Value,Hedge Fund,Low,290,1
0036ND-E,2018-03-31 00:00:00 +0000,,Hedge Fund,,NULL,1
0036VB-E,2004-09-30 00:00:00 +0000,,Hedge Fund,,NULL,1
0037CW-E,2019-03-31 00:00:00 +0000,Growth,Hedge Fund,Medium,19836,1
0037W1-E,2008-12-31 00:00:00 +0000,,Hedge Fund,,NULL,0
00382L-E,2018-08-31 00:00:00 +0000,GARP,Hedge Fund,,53,0
003845-E,2019-03-31 00:00:00 +0000,Growth,Hedge Fund,High,965,1
0038K2-E,2016-03-31 00:00:00 +0000,,Hedge Fund,,93,0
0038TJ-E,2005-12-19 00:00:00 +0000,,Hedge Fund,,NULL,0
003BXF-E,2004-12-31 00:00:00 +0000,,Hedge Fund,,NULL,0
003C2C-E,2019-05-08 00:00:00 +0000,Deep Value,Hedge Fund,,255,0
003C4B-E,2009-06-30 00:00:00 +0000,,Hedge Fund,,NULL,1
003C5H-E,2015-02-11 00:00:00 +0000,,Hedge Fund,,NULL,0
003CLY-E,2011-06-01 00:00:00 +0000,,Hedge Fund,,NULL,1
003CM3-E,2006-09-30 00:00:00 +0000,,Hedge Fund,,NULL,1
003DHL-E,2019-03-31 00:00:00 +0000,Yield,Hedge Fund,Very Low,5347,1
003G6W-E,2006-09-30 00:00:00 +0000,,Hedge Fund,,NULL,1
003G7K-E,2010-12-31 00:00:00 +0000,,Hedge Fund,,NULL,1
003GDK-E,2008-06-30 00:00:00 +0000,,Hedge Fund,,NULL,1
003GWP-E,2018-12-31 00:00:00 +0000,Growth,Hedge Fund,,157,0
003H1V-E,2013-06-26 00:00:00 +0000,,Hedge Fund,,NULL,0
003H7V-E,2007-04-19 00:00:00 +0000,,Hedge Fund,,NULL,1
003HDJ-E,2019-03-31 00:00:00 +0000,Yield,Hedge Fund,Very Low,37904,1
003HKC-E,2019-03-31 00:00:00 +0000,Deep Value,Hedge Fund,Very Low,24324,1
003HRN-E,2010-12-31 00:00:00 +0000,,Hedge Fund,,NULL,1
003HTK-E,NULL,,Hedge Fund,,1191,0
003HVP-E,2019-03-31 00:00:00 +0000,Aggressive Growth,Hedge Fund,Medium,46487,1
003HW3-E,2013-06-30 00:00:00 +0000,,Hedge Fund,,NULL,0
003HWX-E,NULL,,Hedge Fund,,NULL,0
003HX7-E,2006-09-30 00:00:00 +0000,,Hedge Fund,,NULL,1
003HZL-E,NULL,,Hedge Fund,,NULL,0
003JL7-E,2006-12-29 00:00:00 +0000,,Hedge Fund,,NULL,1
003JWZ-E,2011-08-15 00:00:00 +0000,GARP,Hedge Fund,,NULL,0
003K1L-E,2019-03-31 00:00:00 +0000,Aggressive Growth,Hedge Fund,Very Low,NULL,1
003KFM-E,2019-03-31 00:00:00 +0000,Value,Hedge Fund,Low,NULL,1
003KG6-E,2012-09-30 00:00:00 +0000,,Hedge Fund,,NULL,0
003KGS-E,2015-09-30 00:00:00 +0000,,Hedge Fund,,NULL,1
003KJ9-E,2007-12-31 00:00:00 +0000,,Hedge Fund,,NULL,1
003KJW-E,2019-03-31 00:00:00 +0000,Growth,Hedge Fund,High,232,1
003KKR-E,NULL,,Hedge Fund,,NULL,1
003KPH-E,2005-06-30 00:00:00 +0000,,Hedge Fund,,NULL,1
003KS8-E,2008-04-14 00:00:00 +0000,,Hedge Fund,,NULL,0
003KSP-E,2005-09-30 00:00:00 +0000,,Hedge Fund,,NULL,1
003KTD-E,NULL,,Hedge Fund,,NULL,0
003KW9-E,2019-03-31 00:00:00 +0000,Aggressive Growth,Hedge Fund,Medium,4900,1
003KXB-E,2008-01-28 00:00:00 +0000,,Hedge Fund,,NULL,0
003KZ8-E,2018-12-31 00:00:00 +0000,Aggressive Growth,Hedge Fund,,NULL,0
003L03-E,2008-03-11 00:00:00 +0000,GARP,Hedge Fund,,NULL,0
003L64-E,2016-03-31 00:00:00 +0000,,Hedge Fund,,NULL,1
003L68-E,2017-03-31 00:00:00 +0000,,Hedge Fund,,NULL,0
003L6S-E,2019-03-31 00:00:00 +0000,Aggressive Growth,Hedge Fund,Low,2265,1
003L6W-E,2005-09-30 00:00:00 +0000,,Hedge Fund,,NULL,1
003L78-E,2012-12-31 00:00:00 +0000,,Hedge Fund,,NULL,1
003L9S-E,2012-03-31 00:00:00 +0000,,Hedge Fund,,NULL,0
003LBB-E,2019-03-31 00:00:00 +0000,Aggressive Growth,Hedge Fund,Medium,203000,1
003LC7-E,2019-03-31 00:00:00 +0000,Growth,Hedge Fund,High,NULL,1
003LFW-E,2019-03-31 00:00:00 +0000,Deep Value,Hedge Fund,Very Low,5476,1
003LFX-E,2019-03-31 00:00:00 +0000,Deep Value,Hedge Fund,Low,9264,1
003LG6-E,2009-09-30 00:00:00 +0000,,Hedge Fund,,NULL,1
003LGJ-E,2019-03-31 00:00:00 +0000,Deep Value,Hedge Fund,Low,2315,1
003LGP-E,2014-07-28 00:00:00 +0000,,Hedge Fund,,NULL,1
003LH5-E,2019-03-31 00:00:00 +0000,Aggressive Growth,Hedge Fund,Low,36331,1
003LJ9-E,2006-09-30 00:00:00 +0000,,Hedge Fund,,NULL,1
003LJH-E,2006-06-30 00:00:00 +0000,,Hedge Fund,,NULL,1
003MJ7-E,2009-09-30 00:00:00 +0000,,Hedge Fund,,NULL,1
003NB6-E,2012-03-31 00:00:00 +0000,,Hedge Fund,,NULL,0
003Q8H-E,2018-01-17 00:00:00 +0000,GARP,Hedge Fund,,NULL,0
003QG8-E,NULL,,Hedge Fund,,NULL,0
003QRT-E,2015-05-12 00:00:00 +0000,,Hedge Fund,,NULL,0
003RGV-E,2008-12-31 00:00:00 +0000,,Hedge Fund,,NULL,0
003RQ7-E,2019-03-31 00:00:00 +0000,Deep Value,Hedge Fund,High,13305,1
003S0G-E,2019-05-01 00:00:00 +0000,GARP,Hedge Fund,,266,0
003SZ5-E,NULL,,Hedge Fund,,NULL,0
003TB5-E,2019-03-31 00:00:00 +0000,Yield,Hedge Fund,,8605,1
003TDC-E,2015-12-31 00:00:00 +0000,,Hedge Fund,,NULL,0
003TKT-E,2019-03-31 00:00:00 +0000,Deep Value,Hedge Fund,Very Low,5387,1
003VFJ-E,NULL,,Hedge Fund,,NULL,0
003VX1-E,2014-04-23 00:00:00 +0000,,Hedge Fund,,NULL,1
003WL1-E,2015-09-30 00:00:00 +0000,,Hedge Fund,,NULL,0
003XR9-E,2013-12-31 00:00:00 +0000,,Hedge Fund,,NULL,1
003XSV-E,NULL,,Hedge Fund,,NULL,1
003XXP-E,2006-11-13 00:00:00 +0000,,Hedge Fund,,NULL,1
003Y75-E,2011-03-09 00:00:00 +0000,,Hedge Fund,,NULL,0
003YQX-E,2012-03-30 00:00:00 +0000,,Hedge Fund,,NULL,0
003Z1Q-E,2012-12-31 00:00:00 +0000,,Hedge Fund,,NULL,0
003Z2H-E,2006-12-08 00:00:00 +0000,,Hedge Fund,,NULL,1
00403M-E,2019-03-31 00:00:00 +0000,Aggressive Growth,Hedge Fund,Very Low,61953,1
00405R-E,2009-01-14 00:00:00 +0000,,Hedge Fund,,NULL,0
0040VL-E,2019-03-31 00:00:00 +0000,GARP,Hedge Fund,,NULL,1
0040W1-E,2019-03-31 00:00:00 +0000,Growth,Hedge Fund,Low,298,1
004150-E,2006-09-30 00:00:00 +0000,,Hedge Fund,,NULL,1
004180-E,2018-05-28 00:00:00 +0000,GARP,Hedge Fund,,NULL,0
0041QV-E,2015-09-30 00:00:00 +0000,,Hedge Fund,,NULL,0
004254-E,2007-12-31 00:00:00 +0000,,Hedge Fund,,NULL,1
0043R8-E,2019-03-31 00:00:00 +0000,Aggressive Growth,Hedge Fund,High,NULL,1
0044GC-E,2019-03-31 00:00:00 +0000,Aggressive Growth,Hedge Fund,Medium,536,1
0046K9-E,NULL,,Hedge Fund,,NULL,0
0046ZB-E,2019-02-04 00:00:00 +0000,Aggressive Growth,Hedge Fund,,NULL,0
0047KD-E,NULL,,Hedge Fund,,NULL,0
004831-E,2013-11-29 00:00:00 +0000,,Hedge Fund,,NULL,0
004912-E,2014-09-30 00:00:00 +0000,,Hedge Fund,,NULL,1
00491B-E,2012-12-31 00:00:00 +0000,,Hedge Fund,,NULL,1
00491P-E,2014-11-20 00:00:00 +0000,GARP,Hedge Fund,,20,0
00494J-E,NULL,,Hedge Fund,,NULL,1
00495Q-E,2012-03-31 00:00:00 +0000,,Hedge Fund,,NULL,1
00497R-E,2019-03-04 00:00:00 +0000,GARP,Hedge Fund,,NULL,1
00497Y-E,2012-12-31 00:00:00 +0000,,Hedge Fund,,NULL,1
0049B4-E,2019-03-31 00:00:00 +0000,Aggressive Growth,Hedge Fund,Medium,10423,1
0049F1-E,2011-09-30 00:00:00 +0000,,Hedge Fund,,NULL,1
0049F3-E,2015-10-01 00:00:00 +0000,,Hedge Fund,,NULL,1
0049F6-E,2019-03-31 00:00:00 +0000,Growth,Hedge Fund,Low,6416,1
0049GS-E,2009-03-31 00:00:00 +0000,,Hedge Fund,,NULL,1
0049H1-E,2019-03-31 00:00:00 +0000,GARP,Hedge Fund,Medium,2909,1
0049H2-E,2007-09-30 00:00:00 +0000,,Hedge Fund,,NULL,1
0049H3-E,2007-03-31 00:00:00 +0000,,Hedge Fund,,NULL,1
0049J3-E,2012-12-31 00:00:00 +0000,,Hedge Fund,,NULL,1
0049JC-E,2007-11-19 00:00:00 +0000,,Hedge Fund,,NULL,0
0049JL-E,2017-09-30 00:00:00 +0000,,Hedge Fund,,NULL,1
0049KQ-E,2005-09-30 00:00:00 +0000,,Hedge Fund,,NULL,1
0049LM-E,2019-03-31 00:00:00 +0000,Aggressive Growth,Hedge Fund,High,58230,1
0049M3-E,2019-03-31 00:00:00 +0000,GARP,Hedge Fund,,516,1
0049M7-E,2008-09-30 00:00:00 +0000,,Hedge Fund,,NULL,1
0049MY-E,2019-03-31 00:00:00 +0000,Aggressive Growth,Hedge Fund,Very High,157888,1
0049Q0-E,2019-03-31 00:00:00 +0000,GARP,Hedge Fund,Very Low,1997,1
0049Q5-E,2019-03-31 00:00:00 +0000,Aggressive Growth,Hedge Fund,Very High,2985,1
0049S1-E,2019-03-31 00:00:00 +0000,Value,Hedge Fund,Low,947,1
004B2X-E,2019-03-31 00:00:00 +0000,Growth,Hedge Fund,,NULL,1
004B84-E,2019-05-03 00:00:00 +0000,Deep Value,Hedge Fund,,NULL,0
004BVK-E,2018-09-30 00:00:00 +0000,Deep Value,Hedge Fund,Low,106,1
004CRQ-E,2008-10-31 00:00:00 +0000,,Hedge Fund,,NULL,0
004DND-E,2019-03-31 00:00:00 +0000,Aggressive Growth,Hedge Fund,Low,5131,1
004DNR-E,2014-12-31 00:00:00 +0000,,Hedge Fund,,NULL,0
004F2T-E,2019-03-31 00:00:00 +0000,Aggressive Growth,Hedge Fund,Very Low,1243,1
004F6D-E,2004-04-08 00:00:00 +0000,,Hedge Fund,,NULL,0
004G1S-E,2009-09-30 00:00:00 +0000,,Hedge Fund,,NULL,1
004G3H-E,2019-03-31 00:00:00 +0000,Aggressive Growth,Hedge Fund,Very High,NULL,1
004HXH-E,2019-01-31 00:00:00 +0000,,Hedge Fund,,NULL,0
004HYR-E,2019-03-31 00:00:00 +0000,Aggressive Growth,Hedge Fund,High,2049,1
004JBF-E,2019-03-31 00:00:00 +0000,Aggressive Growth,Hedge Fund,Very Low,NULL,1
004L7S-E,2018-05-17 00:00:00 +0000,GARP,Hedge Fund,,NULL,0
004L87-E,2019-03-31 00:00:00 +0000,Deep Value,Hedge Fund,Low,5941,1
004M55-E,2010-01-21 00:00:00 +0000,GARP,Hedge Fund,,527,0
004P6T-E,2019-03-31 00:00:00 +0000,Yield,Hedge Fund,Very Low,528,1
004P7D-E,NULL,,Hedge Fund,,NULL,0
004VP1-E,2010-01-22 00:00:00 +0000,,Hedge Fund,,NULL,0
004VPF-E,2010-09-30 00:00:00 +0000,,Hedge Fund,,NULL,1
004W5T-E,NULL,,Hedge Fund,,NULL,1
004W62-E,2019-05-01 00:00:00 +0000,GARP,Hedge Fund,,9060,0
004XBB-E,2019-05-02 00:00:00 +0000,GARP,Hedge Fund,,87742,0
004XTV-E,2009-12-31 00:00:00 +0000,,Hedge Fund,,NULL,1
004Z9Q-E,2019-03-31 00:00:00 +0000,Aggressive Growth,Hedge Fund,High,194056,1
004ZNB-E,2019-03-31 00:00:00 +0000,Aggressive Growth,Hedge Fund,Very Low,NULL,1
0050WJ-E,2011-12-31 00:00:00 +0000,,Hedge Fund,,NULL,1
0051F7-E,2006-11-01 00:00:00 +0000,,Hedge Fund,,NULL,0
0051Y2-E,2019-03-31 00:00:00 +0000,Aggressive Growth,Hedge Fund,High,25226,1
0055SF-E,NULL,,Hedge Fund,,NULL,0
0056HS-E,2019-03-31 00:00:00 +0000,Growth,Hedge Fund,High,1890,1
0057F6-E,2018-09-25 00:00:00 +0000,Aggressive Growth,Hedge Fund,,NULL,0
0058K3-E,2019-03-31 00:00:00 +0000,Deep Value,Hedge Fund,Medium,9252,1
005C4L-E,2012-04-02 00:00:00 +0000,,Hedge Fund,,NULL,0
005DP6-E,2019-03-31 00:00:00 +0000,Deep Value,Hedge Fund,Very Low,NULL,1
005DVM-E,2013-11-01 00:00:00 +0000,,Hedge Fund,,NULL,1
005F4C-E,2010-12-31 00:00:00 +0000,,Hedge Fund,,NULL,0
005FSL-E,2008-06-30 00:00:00 +0000,,Hedge Fund,,NULL,1
005G4F-E,2016-07-07 00:00:00 +0000,,Hedge Fund,,NULL,0
005GHT-E,2010-03-31 00:00:00 +0000,,Hedge Fund,,NULL,1
005GKR-E,2005-12-31 00:00:00 +0000,,Hedge Fund,,NULL,1
005GLC-E,2006-09-30 00:00:00 +0000,,Hedge Fund,,NULL,1
005GP2-E,2008-08-12 00:00:00 +0000,,Hedge Fund,,NULL,1
005GTF-E,2013-09-30 00:00:00 +0000,,Hedge Fund,,NULL,1
005GTL-E,2019-03-31 00:00:00 +0000,Aggressive Growth,Hedge Fund,Low,11252,1
005GV1-E,2015-03-31 00:00:00 +0000,,Hedge Fund,,NULL,1
005GW1-E,2015-09-30 00:00:00 +0000,,Hedge Fund,,NULL,1
005GXL-E,2019-03-31 00:00:00 +0000,Value,Hedge Fund,Medium,7881,1
005GZS-E,2013-06-11 00:00:00 +0000,,Hedge Fund,,NULL,1
005H2S-E,2004-09-30 00:00:00 +0000,,Hedge Fund,,NULL,1
005H2X-E,2008-12-31 00:00:00 +0000,,Hedge Fund,,NULL,1
005H33-E,2012-03-31 00:00:00 +0000,,Hedge Fund,,NULL,1
005H80-E,2019-05-01 00:00:00 +0000,GARP,Hedge Fund,,NULL,0
005H8H-E,2011-09-30 00:00:00 +0000,,Hedge Fund,,235,0
005H9H-E,2014-04-24 00:00:00 +0000,,Hedge Fund,,NULL,1
005HCX-E,2010-10-04 00:00:00 +0000,,Hedge Fund,,NULL,1
005HF1-E,2008-12-31 00:00:00 +0000,,Hedge Fund,,NULL,1
005HG5-E,2018-09-30 00:00:00 +0000,Yield,Hedge Fund,,174,1
005HJ5-E,2011-02-14 00:00:00 +0000,,Hedge Fund,,NULL,1
005HJL-E,2012-01-26 00:00:00 +0000,,Hedge Fund,,NULL,1
005HKP-E,2008-09-30 00:00:00 +0000,,Hedge Fund,,NULL,1
005HKW-E,2008-09-30 00:00:00 +0000,,Hedge Fund,,NULL,1
005HLD-E,2019-03-31 00:00:00 +0000,Aggressive Growth,Hedge Fund,Medium,577,1
005HMS-E,2009-09-30 00:00:00 +0000,,Hedge Fund,,NULL,0
005HMY-E,2019-03-31 00:00:00 +0000,Growth,Hedge Fund,High,2237,1
005HRD-E,2019-05-09 00:00:00 +0000,GARP,Hedge Fund,,NULL,0
005HRL-E,2009-09-30 00:00:00 +0000,,Hedge Fund,,NULL,1
005HSK-E,2012-12-31 00:00:00 +0000,,Hedge Fund,,NULL,0
005HSZ-E,2011-12-31 00:00:00 +0000,,Hedge Fund,,NULL,0
005HT6-E,2007-11-06 00:00:00 +0000,,Hedge Fund,,NULL,1
005HTX-E,NULL,,Hedge Fund,,NULL,0
005HWD-E,2019-03-31 00:00:00 +0000,Value,Hedge Fund,High,686,1
005HWP-E,2019-03-31 00:00:00 +0000,Deep Value,Hedge Fund,Low,544,1
005HZH-E,2007-09-30 00:00:00 +0000,,Hedge Fund,,NULL,0
005JP0-E,2019-03-31 00:00:00 +0000,Growth,Hedge Fund,Medium,1207,1
005KRT-E,2013-01-23 00:00:00 +0000,,Hedge Fund,,NULL,1
005KW5-E,2016-03-01 00:00:00 +0000,,Hedge Fund,,NULL,0
005L3D-E,2019-01-31 00:00:00 +0000,GARP,Hedge Fund,,149,0
005L4S-E,2019-05-24 00:00:00 +0000,Deep Value,Hedge Fund,,118,0
005LMM-E,2019-03-31 00:00:00 +0000,Value,Hedge Fund,High,272,1
005LSM-E,2005-12-31 00:00:00 +0000,,Hedge Fund,,NULL,1
005LZB-E,NULL,,Hedge Fund,,1083,0
005M32-E,2007-07-31 00:00:00 +0000,,Hedge Fund,,4815,0
005NBK-E,2017-12-31 00:00:00 +0000,,Hedge Fund,,93,0
005PRW-E,2013-06-30 00:00:00 +0000,,Hedge Fund,,NULL,1
005PSX-E,2017-07-03 00:00:00 +0000,,Hedge Fund,,NULL,1
005QDX-E,2007-12-31 00:00:00 +0000,,Hedge Fund,,NULL,0
005T39-E,2005-09-30 00:00:00 +0000,,Hedge Fund,,NULL,1
005TJL-E,2018-12-07 00:00:00 +0000,Deep Value,Hedge Fund,,NULL,0
005TYS-E,2017-03-02 00:00:00 +0000,,Hedge Fund,,NULL,0
005V7G-E,2017-12-31 00:00:00 +0000,,Hedge Fund,,NULL,0
005V98-E,2019-03-31 00:00:00 +0000,Aggressive Growth,Hedge Fund,,655,0
005VB4-E,2007-06-30 00:00:00 +0000,,Hedge Fund,,NULL,1
005VK6-E,2019-03-31 00:00:00 +0000,Value,Hedge Fund,Low,2944,1
005VN3-E,2019-03-31 00:00:00 +0000,Aggressive Growth,Hedge Fund,High,1311,1
005VRG-E,2018-09-30 00:00:00 +0000,Deep Value,Hedge Fund,,29139,1
005VV0-E,2019-03-31 00:00:00 +0000,Growth,Hedge Fund,Medium,24299,1
005WCB-E,NULL,,Hedge Fund,,NULL,0
005XZF-E,2019-03-31 00:00:00 +0000,Growth,Hedge Fund,Very Low,NULL,1
005Y4G-E,2012-09-30 00:00:00 +0000,,Hedge Fund,,NULL,0
005YQ3-E,2019-03-31 00:00:00 +0000,Value,Hedge Fund,Medium,443,1
005Z5Z-E,2006-08-14 00:00:00 +0000,,Hedge Fund,,NULL,0
00628M-E,2018-03-21 00:00:00 +0000,Deep Value,Hedge Fund,,16201,0
006357-E,2005-10-20 00:00:00 +0000,,Hedge Fund,,NULL,0
00637N-E,2009-03-31 00:00:00 +0000,,Hedge Fund,,NULL,1
0064TH-E,2014-02-05 00:00:00 +0000,,Hedge Fund,,NULL,1
0065LH-E,2012-10-31 00:00:00 +0000,GARP,Hedge Fund,,NULL,0
0067VL-E,2019-03-31 00:00:00 +0000,Yield,Hedge Fund,Medium,342,1
00697M-E,2018-12-20 00:00:00 +0000,Deep Value,Hedge Fund,,103,0
0069K5-E,2019-03-31 00:00:00 +0000,Deep Value,Hedge Fund,Medium,29789,1
006BDV-E,2015-11-26 00:00:00 +0000,,Hedge Fund,,NULL,0
006CGL-E,NULL,,Hedge Fund,,NULL,0
006CZJ-E,2007-09-30 00:00:00 +0000,,Hedge Fund,,NULL,1
006F00-E,2019-03-31 00:00:00 +0000,Growth,Hedge Fund,Very Low,1121,1
006F30-E,NULL,,Hedge Fund,,5,0
006FBL-E,2007-07-30 00:00:00 +0000,,Hedge Fund,,NULL,1
006GLS-E,2019-03-31 00:00:00 +0000,Aggressive Growth,Hedge Fund,High,NULL,1
006H7Z-E,NULL,,Hedge Fund,,NULL,0
006HJ2-E,NULL,,Hedge Fund,,NULL,0
006L4V-E,2019-03-31 00:00:00 +0000,Aggressive Growth,Hedge Fund,Very Low,862,1
006LHB-E,2019-03-31 00:00:00 +0000,Value,Hedge Fund,Medium,10633,1
006LHL-E,NULL,,Hedge Fund,,NULL,0
006LJ6-E,NULL,,Hedge Fund,,NULL,0
006LJW-E,2007-10-31 00:00:00 +0000,,Hedge Fund,,NULL,0
006LKV-E,NULL,,Hedge Fund,,NULL,0
006LL6-E,NULL,,Hedge Fund,,NULL,0
006P27-E,2019-02-14 00:00:00 +0000,GARP,Hedge Fund,,NULL,0
006PT7-E,2013-06-01 00:00:00 +0000,,Hedge Fund,,NULL,1
006QVS-E,NULL,,Hedge Fund,,NULL,0
006R8W-E,2011-08-17 00:00:00 +0000,,Hedge Fund,,NULL,1
006RB4-E,2019-05-24 00:00:00 +0000,Value,Hedge Fund,,NULL,0
006SL3-E,2015-03-31 00:00:00 +0000,,Hedge Fund,,NULL,0
006SPG-E,2010-12-16 00:00:00 +0000,,Hedge Fund,,NULL,1
006SZN-E,2008-04-28 00:00:00 +0000,,Hedge Fund,,NULL,0
006T00-E,2007-04-30 00:00:00 +0000,,Hedge Fund,,NULL,0
006TW3-E,2019-03-31 00:00:00 +0000,Aggressive Growth,Hedge Fund,Low,18889,1
006TXS-E,2006-09-30 00:00:00 +0000,,Hedge Fund,,NULL,1
006VH7-E,2019-03-31 00:00:00 +0000,Deep Value,Hedge Fund,Low,4059,1
006VHQ-E,2007-09-30 00:00:00 +0000,,Hedge Fund,,NULL,1
006VJG-E,2005-03-31 00:00:00 +0000,,Hedge Fund,,NULL,1
006VN5-E,2019-03-31 00:00:00 +0000,Aggressive Growth,Hedge Fund,Medium,5543,1
006VP8-E,2019-03-31 00:00:00 +0000,Aggressive Growth,Hedge Fund,Very High,2961,1
006VPG-E,2013-01-15 00:00:00 +0000,,Hedge Fund,,NULL,1
006VXS-E,2011-03-31 00:00:00 +0000,,Hedge Fund,,NULL,1
006VY5-E,2017-12-31 00:00:00 +0000,Growth,Hedge Fund,Medium,NULL,0
006VZS-E,2009-02-24 00:00:00 +0000,,Hedge Fund,,NULL,1
006W17-E,2019-03-31 00:00:00 +0000,Value,Hedge Fund,Medium,NULL,1
006W8M-E,2019-03-31 00:00:00 +0000,Growth,Hedge Fund,Low,231,1
006WGQ-E,2006-09-30 00:00:00 +0000,,Hedge Fund,,NULL,1
006WK6-E,2013-09-30 00:00:00 +0000,,Hedge Fund,,NULL,1
006WL9-E,2019-03-31 00:00:00 +0000,Deep Value,Hedge Fund,Low,8882,1
006WLN-E,2015-09-30 00:00:00 +0000,,Hedge Fund,,NULL,0
006WN9-E,2019-03-31 00:00:00 +0000,Growth,Hedge Fund,High,1654,1
006WP4-E,2009-09-30 00:00:00 +0000,,Hedge Fund,,NULL,0
006WPN-E,2009-12-31 00:00:00 +0000,,Hedge Fund,,NULL,0
006WQQ-E,2019-03-31 00:00:00 +0000,Value,Hedge Fund,High,NULL,1
006WRP-E,2019-03-31 00:00:00 +0000,Value,Hedge Fund,Very Low,2205,1
006WRS-E,NULL,,Hedge Fund,,NULL,0
006WSJ-E,2017-06-30 00:00:00 +0000,,Hedge Fund,,NULL,1
006WSY-E,NULL,,Hedge Fund,,NULL,1
006WTG-E,2006-09-30 00:00:00 +0000,,Hedge Fund,,50,0
006WTZ-E,2008-09-30 00:00:00 +0000,GARP,Hedge Fund,,NULL,0
006WV4-E,2008-05-15 00:00:00 +0000,,Hedge Fund,,NULL,1
006WV6-E,2006-09-30 00:00:00 +0000,,Hedge Fund,,NULL,0
006WVY-E,2014-09-30 00:00:00 +0000,,Hedge Fund,,NULL,1
006WX3-E,2008-09-30 00:00:00 +0000,,Hedge Fund,,NULL,1
006WX7-E,2005-03-28 00:00:00 +0000,,Hedge Fund,,NULL,0
006WXR-E,2013-12-31 00:00:00 +0000,,Hedge Fund,,452,0
006WY8-E,2019-03-31 00:00:00 +0000,Value,Hedge Fund,Medium,3468,1
006WY9-E,2012-12-31 00:00:00 +0000,,Hedge Fund,,NULL,1
006WYB-E,2019-03-31 00:00:00 +0000,Deep Value,Hedge Fund,Low,NULL,1
006X0R-E,2019-03-31 00:00:00 +0000,Aggressive Growth,Hedge Fund,High,6578,1
006X5F-E,2007-09-30 00:00:00 +0000,,Hedge Fund,,NULL,1
006X8Z-E,2013-09-30 00:00:00 +0000,,Hedge Fund,,NULL,1
006XGH-E,2019-01-02 00:00:00 +0000,,Hedge Fund,,NULL,0
006YJK-E,2005-06-30 00:00:00 +0000,,Hedge Fund,,NULL,1
006YNK-E,NULL,,Hedge Fund,,121,0
006Z9C-E,2019-03-31 00:00:00 +0000,Aggressive Growth,Hedge Fund,High,4129,1
006ZVW-E,2006-02-15 00:00:00 +0000,,Hedge Fund,,NULL,0
00707J-E,2007-09-30 00:00:00 +0000,,Hedge Fund,,NULL,1
0070QQ-E,NULL,,Hedge Fund,,NULL,0
00719G-E,2018-08-17 00:00:00 +0000,GARP,Hedge Fund,,34,0
0071PS-E,2016-06-30 00:00:00 +0000,,Hedge Fund,,223,1
0072N5-E,2008-06-30 00:00:00 +0000,,Hedge Fund,,NULL,1
0073CD-E,2019-03-31 00:00:00 +0000,Yield,Hedge Fund,Very Low,NULL,1
0073HF-E,2017-01-17 00:00:00 +0000,GARP,Hedge Fund,,90,0
00741R-E,NULL,,Hedge Fund,,NULL,0
0074DB-E,2019-03-31 00:00:00 +0000,Aggressive Growth,Hedge Fund,High,NULL,1
00767Y-E,2019-03-31 00:00:00 +0000,Deep Value,Hedge Fund,Medium,125,1
0076BM-E,2006-12-07 00:00:00 +0000,,Hedge Fund,,NULL,0
0076GK-E,2011-03-31 00:00:00 +0000,,Hedge Fund,,NULL,0
0076JN-E,2019-03-31 00:00:00 +0000,Aggressive Growth,Hedge Fund,High,7424,1
0076JZ-E,2018-04-27 00:00:00 +0000,GARP,Hedge Fund,,NULL,0
0076PM-E,2019-04-01 00:00:00 +0000,Deep Value,Hedge Fund,,155,0
0077GV-E,NULL,,Hedge Fund,,NULL,0
0077X0-E,2012-09-30 00:00:00 +0000,,Hedge Fund,,279,0
007841-E,NULL,,Hedge Fund,,NULL,0
00786C-E,2006-09-30 00:00:00 +0000,,Hedge Fund,,NULL,1
0078CF-E,2014-03-03 00:00:00 +0000,,Hedge Fund,,NULL,1
0078M6-E,2015-09-30 00:00:00 +0000,,Hedge Fund,,NULL,0
0078X0-E,2007-11-14 00:00:00 +0000,,Hedge Fund,,NULL,0
0079GT-E,2019-03-31 00:00:00 +0000,Deep Value,Hedge Fund,Medium,182,1
0079W2-E,2019-03-31 00:00:00 +0000,Value,Hedge Fund,Medium,1810,1
0079ZH-E,NULL,,Hedge Fund,,14,0
007BGZ-E,2005-12-31 00:00:00 +0000,,Hedge Fund,,NULL,1
007BMN-E,2019-03-31 00:00:00 +0000,Aggressive Growth,Hedge Fund,Low,NULL,1
007C9Q-E,2017-06-30 00:00:00 +0000,,Hedge Fund,,NULL,1
007CKF-E,2010-04-22 00:00:00 +0000,,Hedge Fund,,NULL,1
007FNT-E,2006-12-31 00:00:00 +0000,,Hedge Fund,,NULL,1
007GJJ-E,NULL,,Hedge Fund,,NULL,0
007GTR-E,2014-06-30 00:00:00 +0000,,Hedge Fund,,NULL,1
007JH3-E,2015-10-20 00:00:00 +0000,,Hedge Fund,,NULL,1
007JJP-E,2012-02-24 00:00:00 +0000,,Hedge Fund,,NULL,0
007K4T-E,2013-03-05 00:00:00 +0000,,Hedge Fund,,154,0
007KGB-E,2019-03-08 00:00:00 +0000,GARP,Hedge Fund,,NULL,0
007L92-E,2011-02-24 00:00:00 +0000,,Hedge Fund,,NULL,0
007LC4-E,2017-03-28 00:00:00 +0000,,Hedge Fund,,NULL,0
007LCD-E,2019-03-31 00:00:00 +0000,Aggressive Growth,Hedge Fund,Very Low,13500,1
007LXB-E,2007-12-31 00:00:00 +0000,,Hedge Fund,,NULL,0
007M8J-E,2019-05-20 00:00:00 +0000,Yield,Hedge Fund,,47,0
007MRD-E,2019-03-31 00:00:00 +0000,Deep Value,Hedge Fund,Very Low,847,1
007MXW-E,2009-05-05 00:00:00 +0000,,Hedge Fund,,NULL,1
007NLL-E,2005-12-31 00:00:00 +0000,,Hedge Fund,,NULL,0
007NVY-E,2018-12-18 00:00:00 +0000,GARP,Hedge Fund,,NULL,0
007NY0-E,2019-05-01 00:00:00 +0000,GARP,Hedge Fund,,4200,0
007PBK-E,NULL,,Hedge Fund,,NULL,0
007PT5-E,2018-11-01 00:00:00 +0000,,Hedge Fund,,NULL,0
007PW2-E,2019-03-31 00:00:00 +0000,GARP,Hedge Fund,Very Low,700,1
007Q68-E,2011-12-31 00:00:00 +0000,,Hedge Fund,,NULL,0
007QYS-E,2009-12-31 00:00:00 +0000,,Hedge Fund,,NULL,1
007RFP-E,2013-03-31 00:00:00 +0000,,Hedge Fund,,NULL,1
007RG6-E,2019-03-31 00:00:00 +0000,GARP,Hedge Fund,High,NULL,1
007RJ3-E,2019-03-31 00:00:00 +0000,Growth,Hedge Fund,High,4203,1
007RLP-E,2014-01-16 00:00:00 +0000,,Hedge Fund,,NULL,1
007RMF-E,2016-12-31 00:00:00 +0000,,Hedge Fund,,86,0
007RTB-E,2012-12-31 00:00:00 +0000,,Hedge Fund,,NULL,1
007S3T-E,2006-03-31 00:00:00 +0000,,Hedge Fund,,NULL,1
007S8F-E,2007-02-05 00:00:00 +0000,,Hedge Fund,,NULL,0
007SH0-E,2019-03-31 00:00:00 +0000,Aggressive Growth,Hedge Fund,Medium,630,1
007SNB-E,2009-04-29 00:00:00 +0000,,Hedge Fund,,NULL,0
007SND-E,2009-06-30 00:00:00 +0000,,Hedge Fund,,NULL,1
007STG-E,2015-06-29 00:00:00 +0000,,Hedge Fund,,NULL,0
007T4G-E,2011-06-17 00:00:00 +0000,,Hedge Fund,,NULL,1
007TNR-E,NULL,,Hedge Fund,,NULL,0
007TVQ-E,2019-03-31 00:00:00 +0000,Growth,Hedge Fund,Medium,211,1
007TVS-E,2019-03-31 00:00:00 +0000,Aggressive Growth,Hedge Fund,Medium,3037,1
007V12-E,2019-03-31 00:00:00 +0000,Growth,Hedge Fund,Very Low,NULL,1
007VTN-E,2014-03-06 00:00:00 +0000,GARP,Hedge Fund,,NULL,0
007WSN-E,2010-03-01 00:00:00 +0000,GARP,Hedge Fund,,NULL,0
007WTC-E,2018-06-30 00:00:00 +0000,GARP,Hedge Fund,Medium,NULL,0
007WV3-E,2007-10-18 00:00:00 +0000,,Hedge Fund,,NULL,0
007WVB-E,NULL,,Hedge Fund,,NULL,0
007X2H-E,2007-03-31 00:00:00 +0000,,Hedge Fund,,NULL,1
007X4M-E,NULL,,Hedge Fund,,NULL,0
007XNK-E,NULL,,Hedge Fund,,NULL,0
007XV3-E,2018-12-31 00:00:00 +0000,Deep Value,Hedge Fund,,37,0
007YBN-E,2011-12-31 00:00:00 +0000,,Hedge Fund,,NULL,1
007YBZ-E,2001-12-31 00:00:00 +0000,,Hedge Fund,,231,0
007YC3-E,2019-03-31 00:00:00 +0000,Aggressive Growth,Hedge Fund,Medium,1366,1
007YF5-E,2013-12-16 00:00:00 +0000,,Hedge Fund,,NULL,1
007YMX-E,NULL,,Hedge Fund,,NULL,0
007YNP-E,2010-10-31 00:00:00 +0000,,Hedge Fund,,NULL,0
007YQ9-E,NULL,,Hedge Fund,,NULL,0
007Z4T-E,2016-09-30 00:00:00 +0000,,Hedge Fund,,NULL,0
007Z50-E,2009-03-23 00:00:00 +0000,,Hedge Fund,,NULL,1
007Z6X-E,2007-03-01 00:00:00 +0000,GARP,Hedge Fund,,NULL,0
007Z70-E,2019-04-30 00:00:00 +0000,Value,Hedge Fund,Very Low,2300,0
007ZG3-E,NULL,,Hedge Fund,,NULL,0
007ZM5-E,NULL,,Hedge Fund,,NULL,0
007ZM8-E,NULL,,Hedge Fund,,NULL,0
007ZN0-E,2007-07-09 00:00:00 +0000,,Hedge Fund,,3258,0
007ZNQ-E,NULL,,Hedge Fund,,NULL,0
007ZNR-E,2007-05-07 00:00:00 +0000,,Hedge Fund,,NULL,0
007ZP8-E,NULL,,Hedge Fund,,NULL,0
007ZQ1-E,2014-10-14 00:00:00 +0000,GARP,Hedge Fund,,NULL,0
007ZQ4-E,NULL,,Hedge Fund,,NULL,0
007ZR0-E,2008-09-30 00:00:00 +0000,,Hedge Fund,,NULL,1
007ZV4-E,2008-06-30 00:00:00 +0000,,Hedge Fund,,NULL,1
007ZYJ-E,2016-09-30 00:00:00 +0000,,Hedge Fund,,NULL,0
00804J-E,2011-12-31 00:00:00 +0000,,Hedge Fund,,NULL,1
008058-E,2008-10-03 00:00:00 +0000,,Hedge Fund,,NULL,1
00809H-E,2015-12-31 00:00:00 +0000,,Hedge Fund,,NULL,0
0080C8-E,2011-09-15 00:00:00 +0000,,Hedge Fund,,NULL,1
0080C9-E,2010-06-30 00:00:00 +0000,,Hedge Fund,,NULL,1
0080CR-E,2017-12-31 00:00:00 +0000,GARP,Hedge Fund,,NULL,0
0080DP-E,2015-12-31 00:00:00 +0000,,Hedge Fund,,NULL,1
0080DW-E,2015-09-30 00:00:00 +0000,,Hedge Fund,,NULL,1
0080F7-E,2019-03-31 00:00:00 +0000,Deep Value,Hedge Fund,Very Low,12093,1
0080FD-E,2019-03-31 00:00:00 +0000,Deep Value,Hedge Fund,Low,1029,1
0080FN-E,2019-03-31 00:00:00 +0000,Value,Hedge Fund,High,1003,1
0080FP-E,2009-12-31 00:00:00 +0000,,Hedge Fund,,NULL,1
0080FX-E,NULL,,Hedge Fund,,NULL,0
0080FY-E,2012-03-20 00:00:00 +0000,,Hedge Fund,,NULL,0
0080GP-E,2019-03-31 00:00:00 +0000,Aggressive Growth,Hedge Fund,High,7167,1
0080GW-E,2015-06-16 00:00:00 +0000,,Hedge Fund,,NULL,1
0080GZ-E,2019-03-31 00:00:00 +0000,Value,Hedge Fund,High,1346,1
0080H6-E,2009-03-31 00:00:00 +0000,,Hedge Fund,,NULL,1
0080HJ-E,NULL,,Hedge Fund,,NULL,0
0080HR-E,2012-09-25 00:00:00 +0000,,Hedge Fund,,NULL,0
0080HX-E,2011-12-27 00:00:00 +0000,,Hedge Fund,,NULL,1
0080J3-E,2018-01-24 00:00:00 +0000,,Hedge Fund,,NULL,1
0080JG-E,2008-03-31 00:00:00 +0000,,Hedge Fund,,NULL,1
0080JJ-E,2007-12-31 00:00:00 +0000,,Hedge Fund,,NULL,0
0080JR-E,2008-12-31 00:00:00 +0000,,Hedge Fund,,NULL,1
0080JT-E,2019-03-31 00:00:00 +0000,Aggressive Growth,Hedge Fund,Medium,1772,1
0080JX-E,2009-09-30 00:00:00 +0000,,Hedge Fund,,NULL,1
0080KW-E,2019-03-31 00:00:00 +0000,Aggressive Growth,Hedge Fund,Very Low,6185,1
0080KZ-E,2008-09-30 00:00:00 +0000,,Hedge Fund,,5,0
0080LC-E,2009-06-30 00:00:00 +0000,,Hedge Fund,,NULL,1
0080LQ-E,2009-12-31 00:00:00 +0000,,Hedge Fund,,NULL,0
0080MF-E,2019-03-31 00:00:00 +0000,Deep Value,Hedge Fund,Medium,9956,1
0080MR-E,2019-03-31 00:00:00 +0000,Growth,Hedge Fund,Very High,18434,1
0080MS-E,2008-09-30 00:00:00 +0000,,Hedge Fund,,NULL,1
0080MX-E,2010-06-30 00:00:00 +0000,,Hedge Fund,,NULL,1
0080MY-E,2009-09-30 00:00:00 +0000,,Hedge Fund,,NULL,1
0080N0-E,2007-03-31 00:00:00 +0000,,Hedge Fund,,NULL,1
0080N2-E,2006-12-31 00:00:00 +0000,,Hedge Fund,,NULL,1
0080NC-E,2007-06-30 00:00:00 +0000,,Hedge Fund,,116,0
0080ND-E,2012-12-31 00:00:00 +0000,,Hedge Fund,,NULL,1
0080PF-E,NULL,,Hedge Fund,,NULL,0
0080PJ-E,2014-11-14 00:00:00 +0000,GARP,Hedge Fund,,NULL,0
0080PL-E,2011-11-28 00:00:00 +0000,,Hedge Fund,,NULL,0
0080QG-E,NULL,,Hedge Fund,,NULL,0
0080QJ-E,2019-04-30 00:00:00 +0000,Aggressive Growth,Hedge Fund,,NULL,0
0080QM-E,NULL,,Hedge Fund,,NULL,0
0080QN-E,2019-03-31 00:00:00 +0000,GARP,Hedge Fund,,7446,0
0080QS-E,2019-05-01 00:00:00 +0000,GARP,Hedge Fund,,5112,0
0080QT-E,2019-03-31 00:00:00 +0000,Aggressive Growth,Hedge Fund,Medium,419,1
0080QV-E,2014-07-03 00:00:00 +0000,,Hedge Fund,,355,0
0080QY-E,2019-03-31 00:00:00 +0000,Aggressive Growth,Hedge Fund,Very High,37005,1
0080TW-E,2009-03-31 00:00:00 +0000,,Hedge Fund,,NULL,1
0080WQ-E,2017-06-30 00:00:00 +0000,,Hedge Fund,,NULL,0
0080Z3-E,2019-03-31 00:00:00 +0000,Aggressive Growth,Hedge Fund,Medium,6366,1
008136-E,2010-10-28 00:00:00 +0000,,Hedge Fund,,NULL,1
0081HB-E,2010-09-30 00:00:00 +0000,,Hedge Fund,,NULL,1
008225-E,2019-03-31 00:00:00 +0000,Yield,Hedge Fund,Very Low,323,1
0082QH-E,2011-06-30 00:00:00 +0000,,Hedge Fund,,NULL,1
0082XP-E,2019-03-31 00:00:00 +0000,Yield,Hedge Fund,Medium,773,1
00832N-E,2008-06-13 00:00:00 +0000,,Hedge Fund,,NULL,0
00835D-E,2008-06-30 00:00:00 +0000,,Hedge Fund,,NULL,1
00835F-E,NULL,,Hedge Fund,,NULL,0
00838H-E,2011-03-15 00:00:00 +0000,GARP,Hedge Fund,,NULL,0
0083RB-E,NULL,,Hedge Fund,,402,0
0083XW-E,2014-12-31 00:00:00 +0000,,Hedge Fund,,NULL,0
0084M1-E,2009-08-14 00:00:00 +0000,,Hedge Fund,,NULL,0
00863D-E,NULL,,Hedge Fund,,NULL,0
00865N-E,NULL,,Hedge Fund,,NULL,0
0086PT-E,2006-06-30 00:00:00 +0000,,Hedge Fund,,NULL,0
0087RC-E,2011-03-31 00:00:00 +0000,,Hedge Fund,,NULL,0
00883R-E,2019-03-31 00:00:00 +0000,Value,Hedge Fund,Very Low,1680,1
0088KV-E,2016-09-30 00:00:00 +0000,,Hedge Fund,,NULL,0
0088Q5-E,2019-03-31 00:00:00 +0000,Aggressive Growth,Hedge Fund,Very High,3452,1
0088SH-E,2019-03-31 00:00:00 +0000,Aggressive Growth,Hedge Fund,Very Low,NULL,1
0088SM-E,2018-06-30 00:00:00 +0000,,Hedge Fund,,NULL,1
0088SN-E,2012-09-30 00:00:00 +0000,GARP,Hedge Fund,,5309,0
0088T0-E,2015-04-13 00:00:00 +0000,,Hedge Fund,,NULL,1
0088YJ-E,2019-03-31 00:00:00 +0000,Value,Hedge Fund,Low,124,1
0089D2-E,2018-12-31 00:00:00 +0000,Value,Hedge Fund,Low,365,0
008B50-E,NULL,,Hedge Fund,,NULL,0
008BHF-E,2009-03-15 00:00:00 +0000,,Hedge Fund,,NULL,0
008BKH-E,2011-03-18 00:00:00 +0000,,Hedge Fund,,NULL,1
008BP5-E,2010-08-11 00:00:00 +0000,,Hedge Fund,,NULL,0
008C1Y-E,2015-09-30 00:00:00 +0000,,Hedge Fund,,NULL,0
008CDK-E,NULL,,Hedge Fund,,NULL,0
008D5M-E,2017-09-04 00:00:00 +0000,,Hedge Fund,,NULL,0
008D6M-E,2010-04-30 00:00:00 +0000,,Hedge Fund,,NULL,1
008G02-E,2013-03-20 00:00:00 +0000,,Hedge Fund,,NULL,0
008J9X-E,2013-07-01 00:00:00 +0000,,Hedge Fund,,NULL,1
008JFR-E,2019-03-31 00:00:00 +0000,Aggressive Growth,Hedge Fund,Very Low,62,0
008K1S-E,2019-03-31 00:00:00 +0000,Aggressive Growth,Hedge Fund,Very Low,2007,1
008KB7-E,2019-03-31 00:00:00 +0000,Value,Hedge Fund,Low,6935,1
008KYZ-E,2008-09-15 00:00:00 +0000,,Hedge Fund,,NULL,0
008L90-E,NULL,,Hedge Fund,,NULL,0
008LX4-E,2019-03-31 00:00:00 +0000,Aggressive Growth,Hedge Fund,High,2055,1
008NMB-E,2008-09-30 00:00:00 +0000,,Hedge Fund,,NULL,1
008PXD-E,2019-03-31 00:00:00 +0000,Yield,Hedge Fund,Medium,548,1
008RMJ-E,2013-09-02 00:00:00 +0000,,Hedge Fund,,NULL,1
008RML-E,NULL,,Hedge Fund,,NULL,0
008RXJ-E,NULL,,Hedge Fund,,51,0
008RY4-E,2016-09-30 00:00:00 +0000,GARP,Hedge Fund,,39,0
008S66-E,2007-09-30 00:00:00 +0000,,Hedge Fund,,NULL,1
008SQ7-E,2010-12-31 00:00:00 +0000,,Hedge Fund,,NULL,1
008T13-E,NULL,,Hedge Fund,,NULL,0
008T7R-E,NULL,,Hedge Fund,,NULL,0
008TB5-E,2018-12-31 00:00:00 +0000,Aggressive Growth,Hedge Fund,Very High,NULL,0
008TPG-E,2007-09-30 00:00:00 +0000,,Hedge Fund,,NULL,1
008TYF-E,2018-12-31 00:00:00 +0000,GARP,Hedge Fund,,4808,0
008WFK-E,NULL,,Hedge Fund,,NULL,0
008WK8-E,2017-12-31 00:00:00 +0000,,Hedge Fund,,NULL,0
008XCG-E,NULL,,Hedge Fund,,NULL,0
008XLG-E,2016-02-01 00:00:00 +0000,,Hedge Fund,,NULL,1
008XMG-E,2014-01-22 00:00:00 +0000,,Hedge Fund,,NULL,0
008Y5F-E,2012-12-31 00:00:00 +0000,,Hedge Fund,,NULL,1
008YQP-E,2008-09-30 00:00:00 +0000,,Hedge Fund,,NULL,1
008YRV-E,2019-03-31 00:00:00 +0000,Aggressive Growth,Hedge Fund,Medium,6312,1
008YYQ-E,2007-09-30 00:00:00 +0000,,Hedge Fund,,NULL,1
008Z3D-E,2019-05-17 00:00:00 +0000,Deep Value,Hedge Fund,,NULL,0
008ZBK-E,2008-12-31 00:00:00 +0000,,Hedge Fund,,NULL,1
008ZD5-E,2007-12-31 00:00:00 +0000,,Hedge Fund,,NULL,0
008ZHM-E,2011-01-11 00:00:00 +0000,,Hedge Fund,,NULL,1
008ZTJ-E,2016-06-28 00:00:00 +0000,GARP,Hedge Fund,,NULL,0
008ZVF-E,2019-03-31 00:00:00 +0000,Value,Hedge Fund,Medium,3610,1
008ZVQ-E,2007-09-30 00:00:00 +0000,,Hedge Fund,,NULL,0
008ZWX-E,2007-12-31 00:00:00 +0000,,Hedge Fund,,NULL,1
008ZYC-E,2015-09-30 00:00:00 +0000,,Hedge Fund,,NULL,1
008ZZH-E,NULL,,Hedge Fund,,NULL,0
00902S-E,2017-12-31 00:00:00 +0000,,Hedge Fund,,104,0
009043-E,2016-12-07 00:00:00 +0000,,Hedge Fund,,NULL,0
0090BQ-E,2013-03-19 00:00:00 +0000,,Hedge Fund,,NULL,0
0090G9-E,2009-09-30 00:00:00 +0000,,Hedge Fund,,NULL,1
0090HN-E,2019-03-31 00:00:00 +0000,Growth,Hedge Fund,Medium,901,1
0090HS-E,2012-06-30 00:00:00 +0000,,Hedge Fund,,NULL,1
0090LH-E,2016-09-30 00:00:00 +0000,,Hedge Fund,,124,0
0090M5-E,2019-03-31 00:00:00 +0000,Value,Hedge Fund,Medium,2045,1
0090MB-E,2013-03-31 00:00:00 +0000,,Hedge Fund,,NULL,1
0090MY-E,2019-03-31 00:00:00 +0000,Growth,Hedge Fund,Medium,6107,1
0090N1-E,2014-02-01 00:00:00 +0000,,Hedge Fund,,NULL,1
0090NC-E,2019-03-31 00:00:00 +0000,Yield,Hedge Fund,Medium,639,1
0090NQ-E,2019-03-31 00:00:00 +0000,Aggressive Growth,Hedge Fund,Medium,3097,1
0090NS-E,2013-12-31 00:00:00 +0000,,Hedge Fund,,NULL,1
0090P5-E,2007-09-30 00:00:00 +0000,,Hedge Fund,,NULL,0
0090P7-E,2015-09-30 00:00:00 +0000,,Hedge Fund,,NULL,1
0090P8-E,2016-10-31 00:00:00 +0000,,Hedge Fund,,NULL,1
0090PD-E,2019-01-02 00:00:00 +0000,Deep Value,Hedge Fund,,NULL,0
0090PP-E,2019-03-31 00:00:00 +0000,Aggressive Growth,Hedge Fund,High,2262,1
0090Q3-E,2019-05-01 00:00:00 +0000,GARP,Hedge Fund,,NULL,0
0090Q5-E,2008-09-30 00:00:00 +0000,,Hedge Fund,,NULL,1
0090QQ-E,2019-03-31 00:00:00 +0000,Aggressive Growth,Hedge Fund,High,1372,1
0090QV-E,2007-09-30 00:00:00 +0000,,Hedge Fund,,NULL,1
0090QX-E,2015-09-30 00:00:00 +0000,,Hedge Fund,,NULL,1
0090RF-E,2014-09-30 00:00:00 +0000,,Hedge Fund,,NULL,1
0090RH-E,2019-03-31 00:00:00 +0000,Aggressive Growth,Hedge Fund,High,5725,1
0090RN-E,2016-04-18 00:00:00 +0000,,Hedge Fund,,NULL,0
0090S1-E,2007-12-31 00:00:00 +0000,,Hedge Fund,,NULL,1
0090SR-E,2009-09-30 00:00:00 +0000,,Hedge Fund,,NULL,1
0090TK-E,2019-03-31 00:00:00 +0000,Value,Hedge Fund,High,419,1
0090Y9-E,NULL,,Hedge Fund,,NULL,0
0090ZL-E,2017-06-01 00:00:00 +0000,GARP,Hedge Fund,,NULL,0
009161-E,2019-03-31 00:00:00 +0000,Aggressive Growth,Hedge Fund,Very Low,177,1
00917C-E,NULL,,Hedge Fund,,NULL,0
0091MB-E,2019-03-31 00:00:00 +0000,Yield,Hedge Fund,Medium,86,1
0091ML-E,2010-12-31 00:00:00 +0000,,Hedge Fund,,NULL,1
0091SK-E,NULL,,Hedge Fund,,NULL,0
00925W-E,2019-03-31 00:00:00 +0000,Value,Hedge Fund,Medium,4964,1
0093H5-E,NULL,,Hedge Fund,,NULL,0
0093HC-E,NULL,,Hedge Fund,,2058,0
0095QQ-E,2008-06-30 00:00:00 +0000,,Hedge Fund,,NULL,1
0096YS-E,2019-03-31 00:00:00 +0000,Aggressive Growth,Hedge Fund,Medium,1503,1
00977J-E,2011-07-06 00:00:00 +0000,,Hedge Fund,,NULL,0
00978H-E,2019-03-31 00:00:00 +0000,Value,Hedge Fund,Very Low,223,1
0097P5-E,2010-04-26 00:00:00 +0000,,Hedge Fund,,NULL,0
0097Z6-E,NULL,,Hedge Fund,,NULL,0
00985B-E,NULL,,Hedge Fund,,NULL,0
009880-E,2019-03-31 00:00:00 +0000,Growth,Hedge Fund,High,3202,1
0098BM-E,2019-03-31 00:00:00 +0000,Growth,Hedge Fund,Very High,8341,1
0098C0-E,2007-12-31 00:00:00 +0000,,Hedge Fund,,NULL,1
0098FZ-E,2014-03-31 00:00:00 +0000,,Hedge Fund,,NULL,0
0098P9-E,2019-03-31 00:00:00 +0000,Aggressive Growth,Hedge Fund,Very Low,NULL,1
009C6S-E,2008-09-30 00:00:00 +0000,,Hedge Fund,,NULL,1
009C7F-E,2019-03-31 00:00:00 +0000,Growth,Hedge Fund,Medium,27243,1
009CH4-E,2019-05-14 00:00:00 +0000,Value,Hedge Fund,,35,0
009D0Z-E,NULL,,Hedge Fund,,97,0
009DHP-E,NULL,,Hedge Fund,,NULL,0
009DQ0-E,NULL,,Hedge Fund,,NULL,0
009F19-E,2019-03-31 00:00:00 +0000,GARP,Hedge Fund,,1447,1
009FTX-E,2007-06-29 00:00:00 +0000,,Hedge Fund,,202,0
009FV1-E,2018-03-21 00:00:00 +0000,,Hedge Fund,,NULL,0
009G1P-E,2019-03-31 00:00:00 +0000,Aggressive Growth,Hedge Fund,High,149,1
009GS4-E,2009-09-30 00:00:00 +0000,,Hedge Fund,,20,0
009H95-E,2019-05-07 00:00:00 +0000,GARP,Hedge Fund,,2290,0
009JJ8-E,2008-11-04 00:00:00 +0000,,Hedge Fund,,NULL,0
009JPB-E,2008-06-30 00:00:00 +0000,,Hedge Fund,,NULL,1
009JPV-E,2019-03-31 00:00:00 +0000,Growth,Hedge Fund,Low,1151,1
009KD3-E,2019-03-31 00:00:00 +0000,Deep Value,Hedge Fund,Very Low,1023,1
009KG1-E,2014-06-27 00:00:00 +0000,,Hedge Fund,,NULL,1
009KZJ-E,2019-03-31 00:00:00 +0000,Aggressive Growth,Hedge Fund,Low,4180,1
009LDC-E,2013-12-31 00:00:00 +0000,,Hedge Fund,,NULL,1
009M8F-E,2018-12-31 00:00:00 +0000,GARP,Hedge Fund,,45769,0
009MNR-E,2013-09-01 00:00:00 +0000,GARP,Hedge Fund,,NULL,0
009MSH-E,NULL,,Hedge Fund,,NULL,0
009N4W-E,2015-10-05 00:00:00 +0000,,Hedge Fund,,NULL,0
009PVC-E,NULL,,Hedge Fund,,NULL,0
009Q6F-E,2019-03-31 00:00:00 +0000,Index,Hedge Fund,Medium,4962,1
009RD4-E,2019-03-31 00:00:00 +0000,Aggressive Growth,Hedge Fund,Low,198,1
009S70-E,2010-06-30 00:00:00 +0000,,Hedge Fund,,NULL,1
009SJV-E,2012-09-07 00:00:00 +0000,GARP,Hedge Fund,,NULL,0
009SSH-E,2019-03-31 00:00:00 +0000,Deep Value,Hedge Fund,Low,6160,1
009VJ4-E,2018-01-31 00:00:00 +0000,,Hedge Fund,,7579,0
009VM4-E,2019-03-31 00:00:00 +0000,Aggressive Growth,Hedge Fund,High,45672,1
009WLR-E,2008-07-31 00:00:00 +0000,,Hedge Fund,,NULL,0
009X9X-E,2016-02-23 00:00:00 +0000,,Hedge Fund,,NULL,0
009XF7-E,2015-12-31 00:00:00 +0000,,Hedge Fund,,NULL,0
009XT0-E,2006-01-31 00:00:00 +0000,,Hedge Fund,,NULL,0
009XWX-E,2008-09-30 00:00:00 +0000,,Hedge Fund,,NULL,1
009XX0-E,2015-02-13 00:00:00 +0000,,Hedge Fund,,NULL,0
009Y2D-E,2017-07-31 00:00:00 +0000,,Hedge Fund,,NULL,1
009Y3C-E,2009-09-30 00:00:00 +0000,,Hedge Fund,,NULL,1
009Y5G-E,2019-03-31 00:00:00 +0000,Aggressive Growth,Hedge Fund,Medium,18935,1
009YCH-E,2008-03-31 00:00:00 +0000,,Hedge Fund,,NULL,1
009YG7-E,2014-12-31 00:00:00 +0000,,Hedge Fund,,13,0
009YQP-E,2008-09-30 00:00:00 +0000,,Hedge Fund,,NULL,1
009YS4-E,2019-03-31 00:00:00 +0000,Growth,Hedge Fund,Low,1170,1
009Z0Y-E,2012-06-30 00:00:00 +0000,,Hedge Fund,,NULL,1
009Z68-E,2019-03-31 00:00:00 +0000,Deep Value,Hedge Fund,High,180,1
009Z9H-E,2018-03-31 00:00:00 +0000,,Hedge Fund,,NULL,1
009ZDN-E,2013-06-30 00:00:00 +0000,,Hedge Fund,,NULL,0
009ZLP-E,NULL,,Hedge Fund,,NULL,0
009ZM9-E,2014-09-30 00:00:00 +0000,,Hedge Fund,,NULL,1
009ZPQ-E,2008-09-30 00:00:00 +0000,,Hedge Fund,,NULL,1
009ZVL-E,2019-03-31 00:00:00 +0000,Aggressive Growth,Hedge Fund,Low,11455,1
009ZW1-E,2017-04-20 00:00:00 +0000,,Hedge Fund,,1669,0
009ZWN-E,2015-09-30 00:00:00 +0000,,Hedge Fund,,NULL,0
009ZWQ-E,2009-12-31 00:00:00 +0000,,Hedge Fund,,NULL,0
009ZY7-E,2015-09-30 00:00:00 +0000,,Hedge Fund,,NULL,1
009ZZ4-E,2009-09-30 00:00:00 +0000,,Hedge Fund,,NULL,0
009ZZC-E,2018-09-30 00:00:00 +0000,GARP,Hedge Fund,,NULL,0
009ZZY-E,2019-03-31 00:00:00 +0000,Growth,Hedge Fund,High,3040,1
00B000-E,1980-01-01 00:00:00 +0000,,Hedge Fund,,NULL,1
00B002-E,2019-03-31 00:00:00 +0000,Growth,Hedge Fund,Very Low,1630,1
00B005-E,2018-07-03 00:00:00 +0000,Deep Value,Hedge Fund,,23403,0
00B016-E,2019-03-31 00:00:00 +0000,Aggressive Growth,Hedge Fund,High,17447,1
00B01Y-E,2019-03-31 00:00:00 +0000,Deep Value,Hedge Fund,High,214,1
00B0BQ-E,2019-05-15 00:00:00 +0000,Yield,Hedge Fund,,140,0
00B0DF-E,2012-10-12 00:00:00 +0000,,Hedge Fund,,NULL,0
00B0NH-E,2012-04-09 00:00:00 +0000,,Hedge Fund,,NULL,0
00B10N-E,2007-12-31 00:00:00 +0000,,Hedge Fund,,NULL,1
00B143-E,NULL,,Hedge Fund,,NULL,0
00B182-E,2019-03-31 00:00:00 +0000,Yield,Hedge Fund,Low,4683,1
00B218-E,2010-12-31 00:00:00 +0000,,Hedge Fund,,NULL,1
00B3WK-E,NULL,,Hedge Fund,,NULL,0
00B53X-E,2019-03-31 00:00:00 +0000,Deep Value,Hedge Fund,Medium,1056,1
00B5F9-E,2014-10-31 00:00:00 +0000,,Hedge Fund,,NULL,0
00B5R3-E,2019-03-31 00:00:00 +0000,Aggressive Growth,Hedge Fund,Medium,NULL,1
00B6HM-E,2019-03-31 00:00:00 +0000,Value,Hedge Fund,Low,4800,1
00B705-E,2014-09-30 00:00:00 +0000,,Hedge Fund,,NULL,1
00B8CH-E,2015-05-19 00:00:00 +0000,,Hedge Fund,,NULL,0
00B9K7-E,2017-09-30 00:00:00 +0000,,Hedge Fund,,NULL,0
00B9L2-E,2017-09-01 00:00:00 +0000,,Hedge Fund,,NULL,0
00BBDQ-E,NULL,,Hedge Fund,,NULL,0
00BBJQ-E,2019-03-31 00:00:00 +0000,Value,Hedge Fund,Very Low,952,1
00BC1Y-E,2009-09-30 00:00:00 +0000,,Hedge Fund,,NULL,0
00BCTJ-E,2019-03-31 00:00:00 +0000,Growth,Hedge Fund,High,192,1
00BDBS-E,2019-03-31 00:00:00 +0000,Yield,Hedge Fund,,10697,1
00BF4F-E,NULL,,Hedge Fund,,NULL,1
00BFVW-E,2019-03-31 00:00:00 +0000,Deep Value,Hedge Fund,Very Low,191,1
00BJ6W-E,2019-03-31 00:00:00 +0000,Aggressive Growth,Hedge Fund,,1201,1
00BJ81-E,2019-03-31 00:00:00 +0000,Aggressive Growth,Hedge Fund,High,391,1
00BJCT-E,2013-12-31 00:00:00 +0000,,Hedge Fund,,NULL,0
00BK5H-E,NULL,,Hedge Fund,,NULL,0
00BK65-E,2019-03-31 00:00:00 +0000,Growth,Hedge Fund,Medium,3752,1
00BKYH-E,2010-12-31 00:00:00 +0000,,Hedge Fund,,NULL,1
00BL9L-E,2014-03-31 00:00:00 +0000,,Hedge Fund,,NULL,0
00BQ8H-E,NULL,,Hedge Fund,,NULL,0
00BQCM-E,2010-09-30 00:00:00 +0000,,Hedge Fund,,NULL,1
00BQGV-E,2019-03-31 00:00:00 +0000,GARP,Hedge Fund,Very Low,393,1
