factset_entity_id,fs_perm_sec_id,security_name,fsym_id,Match,Upper,Security,Mkt Val,Position,Market Value Discrepancy,Position Discrepancy
0011M0-E,R17LLM-S-US,3M CO  COM,R17LLM-S,TRUE,3M CO  COM,3M Co  Com,2864598,16371,3401566,
0011M0-E,Q1KJQ2-S-US,ABBOTT LABORATORIES  COM,Q1KJQ2-S,TRUE,ABBOTT LABORATORIES  COM,Abbott Laboratories  Com,2768656,32329,2584380,
0011M0-E,V3049L-S-US,ABBVIE INC  COM,V3049L-S,TRUE,ABBVIE INC  COM,Abbvie Inc  Com,2345648,31292,2521822,
0011M0-E,DJH8TL-S-US,ADOBE INC  COM,DJH8TL-S,TRUE,ADOBE INC  COM,Adobe Inc  Com,13239867,43310,11541682,
0011M0-E,TR7BJ5-S-US,AEGON NV  ADR,TR7BJ5-S,TRUE,AEGON NV  ADR,Aegon Nv  Adr,545967965,108542339,519917804,
0011M0-E,VT5DYF-S-NL,AEGON NV  ORD,VT5DYF-S,TRUE,AEGON NV  ORD,Aegon Nv  Ord,666091386,131792024,611595731,127143214
0011M0-E,P7M7WC-S-US,AIR PRODUCTS & CHEMICALS INC  COM,P7M7WC-S,TRUE,AIR PRODUCTS & CHEMICALS INC  COM,Air Products & Chemicals Inc  Com,763620,3300,630168,
0011M0-E,KQLFTH-S-NL,AKZO NOBEL NV  ORD,KQLFTH-S,TRUE,AKZO NOBEL NV  ORD,Akzo Nobel Nv  Ord,638614083,6709399,413912706,4666754
0011M0-E,SR2BN3-S-US,ALIBABA GROUP HOLDING LTD  SPONS ADR,SR2BN3-S,TRUE,ALIBABA GROUP HOLDING LTD  SPONS ADR,Alibaba Group Holding Ltd  Spons Adr,480656906,2751800,502065910,
0011M0-E,Q8DVNB-S-US,ALLSTATE CORP  COM,Q8DVNB-S,TRUE,ALLSTATE CORP  COM,Allstate Corp  Com,385562,3685,347053,
0011M0-E,M1M8H2-S-US,ALNYLAM PHARMACEUTICALS INC  COM,M1M8H2-S,TRUE,ALNYLAM PHARMACEUTICALS INC  COM,Alnylam Pharmaceuticals Inc  Com,363054793,4998001,467063193,
0011M0-E,XF9TK6-S-US,ALPHABET INC  CL A,XF9TK6-S,TRUE,ALPHABET INC  CL A,Alphabet Inc  Cl A,153427386,136624,160791419,
0011M0-E,DC1QVX-S-US,ALPHABET INC  CL C,DC1QVX-S,TRUE,ALPHABET INC  CL C,Alphabet Inc  Cl C,3412832229,3042879,3570240359,
0011M0-E,SMGQSC-S-NL,ALTICE EUROPE NV  ORD A,SMGQSC-S,TRUE,ALTICE EUROPE NV  ORD A,Altice Europe Nv  Ord A,165103585,47270370,124254422,
0011M0-E,SM7211-S-US,ALTICE USA INC  CL A,SM7211-S,FALSE,,,,,-,-
0011M0-E,BRWRT6-S-US,ALTRIA GROUP INC  COM,BRWRT6-S,TRUE,ALTRIA GROUP INC  COM,Altria Group Inc  Com,1170722,23800,1366834,
0011M0-E,RMCVZ9-S-US,AMAZON COM INC  COM,RMCVZ9-S,TRUE,AMAZON COM INC  COM,Amazon Com Inc  Com,1124620,580,1032835,
0011M0-E,JXS9XP-S-US,AMERICA MOVIL SAB DE CV  ADR L,JXS9XP-S,TRUE,AMERICA MOVIL SAB DE CV  ADR L,America Movil Sab De Cv  Adr L,3764596,255400,3647112,
0011M0-E,VS15RC-S-MX,AMERICA MOVIL SAB DE CV  ORD L,VS15RC-S,TRUE,AMERICA MOVIL SAB DE CV  ORD L,America Movil Sab De Cv  Ord L,281446322,377147500,269871665,
0011M0-E,DBQ20D-S-US,AMERICAN EXPRESS CO  COM,DBQ20D-S,TRUE,AMERICAN EXPRESS CO  COM,American Express Co  Com,2967391655,23576924,2576957793,
0011M0-E,W13F06-S-US,AMERICAN TOWER CORP  CL A,W13F06-S,TRUE,AMERICAN TOWER CORP  CL A,American Tower Corp  Cl A,404577,1925,379341,
0011M0-E,TP1XYX-S-US,AMERIPRISE FINANCIAL INC  COM,TP1XYX-S,TRUE,AMERIPRISE FINANCIAL INC  COM,Ameriprise Financial Inc  Com,434886,2942,376870,
0011M0-E,T8GLHL-S-US,AMGEN INC  COM,T8GLHL-S,TRUE,AMGEN INC  COM,Amgen Inc  Com,4115193,21822,4145744,
0011M0-E,PN3GCR-S-US,ANADARKO PETROLEUM CORP  COM,PN3GCR-S,TRUE,ANADARKO PETROLEUM CORP  COM,Anadarko Petroleum Corp  Com,3223501956,45401436,2064857309,
0011M0-E,WC6XYF-S-US,ANTHEM INC  COM,WC6XYF-S,TRUE,ANTHEM INC  COM,Anthem Inc  Com,339336,1200,344376,
0011M0-E,VFT77X-S-US,APACHE CORP  COM,VFT77X-S,TRUE,APACHE CORP  COM,Apache Corp  Com,1509897123,55348135,1918366359,
0011M0-E,R85KLC-S-US,APPLE INC  COM,R85KLC-S,TRUE,APPLE INC  COM,Apple Inc  Com,2534684,12400,2355380,
0011M0-E,BV8JHF-S-GB,ASTRAZENECA PLC  ORD,BV8JHF-S,TRUE,ASTRAZENECA PLC  ORD,Astrazeneca Plc  Ord,1438776139,17347000,1275336522,
0011M0-E,K4LFKT-S-US,ASTRAZENECA PLC  SPONSORED ADR,K4LFKT-S,TRUE,ASTRAZENECA PLC  SPONSORED ADR,Astrazeneca Plc  Sponsored Adr,2074902300,49414201,1997816146,
0011M0-E,PQJ6YX-S-US,AT&T INC  COM,PQJ6YX-S,TRUE,AT&T INC  COM,At&T Inc  Com,663035803,19512531,611912972,
0011M0-E,RXHPCQ-S-US,AUTOMATIC DATA PROCESSING INC  COM,RXHPCQ-S,TRUE,AUTOMATIC DATA PROCESSING INC  COM,Automatic Data Processing Inc  Com,295362,1800,287532,
0011M0-E,FCGT4K-S-GB,AVIVA PLC  ORD,FCGT4K-S,TRUE,AVIVA PLC  ORD,Aviva Plc  Ord,882135344,162089000,858911931.6,162034397
0011M0-E,PJVSC8-S-IN,AXIS BANK LTD  ORD,PJVSC8-S,TRUE,AXIS BANK LTD  ORD,Axis Bank Ltd  Ord,611808888,52283225,585738381,
0011M0-E,KMD7MD-S-US,BAIDU INC  SPONSORED ADR,KMD7MD-S,TRUE,BAIDU INC  SPONSORED ADR,Baidu Inc  Sponsored Adr,586906027,4950287,816054812,
0011M0-E,C6H18K-S-US,BAKER HUGHES A GE CO  CL A,C6H18K-S,TRUE,BAKER HUGHES A GE CO  CL A,Baker Hughes A Ge Co  Cl A,1446680789,59024104,1636148163,
0011M0-E,PHJ859-S-US,BALL CORP  COM,PHJ859-S,TRUE,BALL CORP  COM,Ball Corp  Com,174517780,2415471,139759152,
0011M0-E,XQC8FD-S-ES,BANCO SANTANDER SA  ORD,XQC8FD-S,TRUE,BANCO SANTANDER SA  ORD,Banco Santander Sa  Ord,1337715985,283674639,1320122484,
0011M0-E,Q3TRMZ-S-US,BANK OF AMERICA CORP  COM,Q3TRMZ-S,TRUE,BANK OF AMERICA CORP  COM,Bank Of America Corp  Com,3333312997,114743993,3165786767,
0011M0-E,MKM11D-S-DE,BANK OF AMERICA CORP  PFD 6.1%,MKM11D-S,TRUE,BANK OF AMERICA CORP  PFD 6.1%,Bank Of America Corp  Pfd 6.1%,17285438,16008000,-,-
0011M0-E,F62GYG-S-US,BANK OF AMERICA CORP  PFD 6.25% X,F62GYG-S,TRUE,BANK OF AMERICA CORP  PFD 6.25% X,Bank Of America Corp  Pfd 6.25% X,56720070,52470000,-,-
0011M0-E,HSDSLM-S-US,BANK OF NEW YORK MELLON CORP  COM,HSDSLM-S,TRUE,BANK OF NEW YORK MELLON CORP  COM,Bank Of New York Mellon Corp  Com,2234283336,50051150,2524079495,
0011M0-E,C9CK2N-S,BANK ONE CAP III  DEBT,C9CK2N-S,FALSE,,,,,-,-
0011M0-E,SY897R-S-GB,BARCLAYS PLC  ORD,SY897R-S,TRUE,BARCLAYS PLC  ORD,Barclays Plc  Ord,1266173702,650317000,1221577133,648988000
0011M0-E,LY6TC3-S-US,BAXTER INTERNATIONAL INC  COM,LY6TC3-S,TRUE,BAXTER INTERNATIONAL INC  COM,Baxter International Inc  Com,277561,3382,274990,
0011M0-E,HD22PG-S-DE,BAYER AG  ORD REG,HD22PG-S,TRUE,BAYER AG  ORD REG,Bayer Ag  Ord Reg,1467420063,21319970,1378893791,
0011M0-E,DG788W-S-DE,BAYERISCHE MOTOREN WERKE BMW  ORD,DG788W-S,TRUE,BAYERISCHE MOTOREN WERKE BMW  ORD,Bayerische Motoren Werke Bmw  Ord,717919327,9553651,737503070,
0011M0-E,XN2JJ0-S-US,BB&T CORP  COM,XN2JJ0-S,TRUE,BB&T CORP  COM,Bb&T Corp  Com,893404143,18206728,847159054,
0011M0-E,QLL3Y6-S-US,BECTON DICKINSON & CO  COM,QLL3Y6-S,TRUE,BECTON DICKINSON & CO  COM,Becton Dickinson & Co  Com,1444658,5660,1413472,
0011M0-E,MFY3RF-S-US,BERKSHIRE HATHAWAY INC  CL A,MFY3RF-S,TRUE,BERKSHIRE HATHAWAY INC  CL A,Berkshire Hathaway Inc  Cl A,1614500,5,1506075,
0011M0-E,N138TY-S-US,BERKSHIRE HATHAWAY INC  CL B,N138TY-S,TRUE,BERKSHIRE HATHAWAY INC  CL B,Berkshire Hathaway Inc  Cl B,2790625,12970,2605543,
0011M0-E,PB11JK-S-US,BLACKROCK INC  CL A,PB11JK-S,TRUE,BLACKROCK INC  CL A,Blackrock Inc  Cl A,356513,750,320528,
0011M0-E,FYN093-S-FR,BNP PARIBAS SA  ORD,FYN093-S,TRUE,BNP PARIBAS SA  ORD,Bnp Paribas Sa  Ord,1598939245,33293658,1592923082,
0011M0-E,P8WJT7-S-US,BOEING CO  COM,P8WJT7-S,TRUE,BOEING CO  COM,Boeing Co  Com,345254,974,371503,
0011M0-E,CM333K-S-US,BOOKING HOLDINGS INC  COM,CM333K-S,TRUE,BOOKING HOLDINGS INC  COM,Booking Holdings Inc  Com,2268089511,1181512,2061632104,
0011M0-E,G7VKY3-S-US,BOSTON SCIENTIFIC CORP  COM,G7VKY3-S,TRUE,BOSTON SCIENTIFIC CORP  COM,Boston Scientific Corp  Com,7534639,176745,6783473,
0011M0-E,W733DQ-S-US,BRIGHTHOUSE FINANCIAL INC  COM,W733DQ-S,TRUE,BRIGHTHOUSE FINANCIAL INC  COM,Brighthouse Financial Inc  Com,362690522,9904165,359422148,
0011M0-E,H547YV-S-US,BRISTOL MYERS SQUIBB CO  COM,H547YV-S,TRUE,BRISTOL MYERS SQUIBB CO  COM,Bristol Myers Squibb Co  Com,2008943689,43147416,2058563217,
0011M0-E,P0XR3M-S-JP,BROTHER INDUSTRIES LTD  ORD,P0XR3M-S,TRUE,BROTHER INDUSTRIES LTD  ORD,Brother Industries Ltd  Ord,200977985,10314000,190839529,
0011M0-E,X8RFXJ-S-US,CABOT OIL & GAS CORP  CL A,X8RFXJ-S,TRUE,CABOT OIL & GAS CORP  CL A,Cabot Oil & Gas Corp  Cl A,195299,8300,216630,
0011M0-E,KZJPGL-S-US,CADENCE DESIGN SYSTEM INC  COM,KZJPGL-S,TRUE,CADENCE DESIGN SYSTEM INC  COM,Cadence Design System Inc  Com,32564344,435294,27645522,
0011M0-E,LFBF80-S-US,CAPITAL ONE FINANCIAL CORP  COM,LFBF80-S,TRUE,CAPITAL ONE FINANCIAL CORP  COM,Capital One Financial Corp  Com,3823065788,41112655,3358492787,
0011M0-E,J2NC4K-S-US,CARMAX INC  COM,J2NC4K-S,TRUE,CARMAX INC  COM,Carmax Inc  Com,2062480,23200,1619360,
0011M0-E,S48T3X-S-US,CATERPILLAR INC  COM,S48T3X-S,TRUE,CATERPILLAR INC  COM,Caterpillar Inc  Com,6019518,44395,6015079,
0011M0-E,PJQNHD-S-US,CELANESE CORP  COM SER A,PJQNHD-S,TRUE,CELANESE CORP  COM SER A,Celanese Corp  Com Ser A,1155290067,10814285,1066396644,
0011M0-E,RCGQF7-S-US,CEMEX SAB  ADR REP 10 PC 2A/1B,RCGQF7-S,TRUE,CEMEX SAB  ADR REP 10 PC 2A/1B,Cemex Sab  Adr Rep 10 Pc 2A/1B,457276158,107594390,499237970,
0011M0-E,B6VPNM-S-US,CHARLES SCHWAB CORP  COM,B6VPNM-S,TRUE,CHARLES SCHWAB CORP  COM,Charles Schwab Corp  Com,3089809170,76385888,3266260571,
0011M0-E,MTDQ28-S-US,CHARTER COMMUNICATIONS INC  CL A,MTDQ28-S,TRUE,CHARTER COMMUNICATIONS INC  CL A,Charter Communications Inc  Cl A,4758600800,11896502,4127015509,
0011M0-E,MBKTVK-S-US,CHEVRON CORP  COM,MBKTVK-S,TRUE,CHEVRON CORP  COM,Chevron Corp  Com,41998331,340481,41940450,
0011M0-E,M9K04P-S-US,CHUBB LTD  COM,M9K04P-S,TRUE,CHUBB LTD  COM,Chubb Ltd  Com,610316,4062,569005,
0011M0-E,XHJHJN-S-US,CIGNA CORP  COM,XHJHJN-S,TRUE,CIGNA CORP  COM,Cigna Corp  Com,2183940304,13249653,2130809195,
0011M0-E,K14DFC-S-US,CISCO SYSTEMS INC  COM,K14DFC-S,TRUE,CISCO SYSTEMS INC  COM,Cisco Systems Inc  Com,1761770248,31192816,1684100136,
0011M0-E,WHZFF1-S-DE,CITIGROUP INC  NON CUM PFD 5.95%,WHZFF1-S,TRUE,CITIGROUP INC  NON CUM PFD 5.95%,Citigroup Inc  Non Cum Pfd 5.95%,80884042,77327000,-,-
0011M0-E,X23P32-S-DE,CITIGROUP INC  PFD 6.25%,X23P32-S,TRUE,CITIGROUP INC  PFD 6.25%,Citigroup Inc  Pfd 6.25%,50192631,45886000,-,-
0011M0-E,M4BZCX-S-US,CITIGROUP INC  PFD SER A 5.95%49,M4BZCX-S,TRUE,CITIGROUP INC  PFD SER A 5.95%49,Citigroup Inc  Pfd Ser A 5.95%49,5372763,5175000,-,-
0011M0-E,JBFJ2W-S-US,CITRIX SYSTEMS INC  COM,JBFJ2W-S,TRUE,CITRIX SYSTEMS INC  COM,Citrix Systems Inc  Com,548295,5500,548130,
0011M0-E,T0JCXJ-S-US,COCA COLA CO  COM,T0JCXJ-S,TRUE,COCA COLA CO  COM,Coca Cola Co  Com,1535804,29478,1381339,
0011M0-E,LX1RL8-S-US,COLGATE PALMOLIVE CO  COM,LX1RL8-S,TRUE,COLGATE PALMOLIVE CO  COM,Colgate Palmolive Co  Com,1036000,14000,959560,
0011M0-E,M647FF-S-US,COMCAST CORP  CL A,M647FF-S,TRUE,COMCAST CORP  CL A,Comcast Corp  Cl A,5487058228,126663394,5064002492,
0011M0-E,Q8H75K-S-US,CONCHO RESOURCES INC  COM,Q8H75K-S,TRUE,CONCHO RESOURCES INC  COM,Concho Resources Inc  Com,425101622,4302648,477421822,
0011M0-E,L6CX6R-S-US,CONOCOPHILLIPS  COM,L6CX6R-S,TRUE,CONOCOPHILLIPS  COM,Conocophillips  Com,1402874,23188,1547567,
0011M0-E,QWNLSC-S-US,CORNING INC  COM,QWNLSC-S,TRUE,CORNING INC  COM,Corning Inc  Com,15814474,468577,15509899,
0011M0-E,NFLKGD-S-US,CREDIT SUISSE GROUP  ADR,NFLKGD-S,TRUE,CREDIT SUISSE GROUP  ADR,Credit Suisse Group  Adr,7342147,606789,7069092,
0011M0-E,HTPG7V-S-CH,CREDIT SUISSE GROUP  ORD REG,HTPG7V-S,TRUE,CREDIT SUISSE GROUP  ORD REG,Credit Suisse Group  Ord Reg,947989204,78190287,1181941627,101430013
0011M0-E,JDWM79-S-US,CVS HEALTH CORP  COM,JDWM79-S,TRUE,CVS HEALTH CORP  COM,Cvs Health Corp  Com,1095618653,19848164,1070411485,
0011M0-E,NK1C4M-S-US,DANAHER CORP  COM,NK1C4M-S,TRUE,DANAHER CORP  COM,Danaher Corp  Com,684318264,4709368,621730763,
0011M0-E,G5FWH0-S-US,DEERE & CO  COM,G5FWH0-S,TRUE,DEERE & CO  COM,Deere & Co  Com,3068444,18564,2967270,
0011M0-E,H1F53H-S-US,DELL TECHNOLOGIES INC  CL C,H1F53H-S,TRUE,DELL TECHNOLOGIES INC  CL C,Dell Technologies Inc  Cl C,763595222,14429237,846851920,
0011M0-E,K10DTM-S-US,DIAGEO PLC  SPONSORED ADR,K10DTM-S,TRUE,DIAGEO PLC  SPONSORED ADR,Diageo Plc  Sponsored Adr,3986813,22713,3716074,
0011M0-E,X7KY98-S-US,DISH NETWORK CORP  CL A,X7KY98-S,TRUE,DISH NETWORK CORP  CL A,Dish Network Corp  Cl A,1123379651,28368173,898987402,
0011M0-E,LHF4PR-S-US,DOMINION ENERGY INC  COM,LHF4PR-S,TRUE,DOMINION ENERGY INC  COM,Dominion Energy Inc  Com,352432,4512,345890,
0011M0-E,W11X3S-S-US,DOMTAR CORP  COM,W11X3S-S,FALSE,,,,,-,-
0011M0-E,R1CXVP-S-US,DOWDUPONT INC  COM,R1CXVP-S,FALSE,,,,,13371801,83610
0011M0-E,MXV535-S-AE,DP WORLD  ORD,MXV535-S,FALSE,DP WORLD PLC  ORD,Dp World Plc  Ord,132100864,8256304,132100864,
0011M0-E,RPTTVL-S-US,DUKE ENERGY CORP  COM,RPTTVL-S,TRUE,DUKE ENERGY CORP  COM,Duke Energy Corp  Com,609527,6765,608850,
0011M0-E,Q2PLKZ-S-US,DUN & BRADSTREET CORP  COM,Q2PLKZ-S,FALSE,,,,,-,-
,,,,FALSE,DUPONT DE NEMOURS INC  COM,Dupont De Nemours Inc  Com,6202190,83610,-,-
0011M0-E,CP765L-S-US,DXC TECHNOLOGY CO  COM,CP765L-S,TRUE,DXC TECHNOLOGY CO  COM,Dxc Technology Co  Com,4977686,89366,5747127,
0011M0-E,S5G28Y-S-US,EBAY INC  COM,S5G28Y-S,TRUE,EBAY INC  COM,Ebay Inc  Com,2265562,56781,2108846,
0011M0-E,H796XY-S-US,ELANCO ANIMAL HEALTH INC  COM,H796XY-S,FALSE,,,,,-,-
0011M0-E,W38FV3-S-US,ELI LILLY & CO  COM,W38FV3-S,TRUE,ELI LILLY & CO  COM,Eli Lilly & Co  Com,1679616376,14679395,1904798295,
0011M0-E,XGGR1X-S-FR,ENGIE SA  ORD,XGGR1X-S,TRUE,ENGIE SA  ORD,Engie Sa  Ord,672241984,42884500,639470078,
0011M0-E,NJ13K9-S-NO,EQUINOR ASA  ORD,NJ13K9-S,TRUE,EQUINOR ASA  ORD,Equinor Asa  Ord,651789258,32742304,718029559,
0011M0-E,HP44R7-S-US,EXXON MOBIL CORP  COM,HP44R7-S,TRUE,EXXON MOBIL CORP  COM,Exxon Mobil Corp  Com,9456469,123711,9995849,
0011M0-E,HKM5XZ-S-US,FEDEX CORP  COM,HKM5XZ-S,TRUE,FEDEX CORP  COM,Fedex Corp  Com,3149833496,19513279,3539903943,
,,,,FALSE,FOX CORP  CL A,Fox Corp  Cl A,482664460,13278252,-,-
,,,,FALSE,FOX CORP  CL B,Fox Corp  Cl B,146475778,4029595,-,-
0011M0-E,MJBXDM-S-US,FLUOR CORP  COM,MJBXDM-S,FALSE,,,,,-,-
0011M0-E,WGRK09-S-JP,FUJITSU LTD  ORD,WGRK09-S,TRUE,FUJITSU LTD  ORD,Fujitsu Ltd  Ord,290489550,4030650,290814219,
0011M0-E,T0NLZH-S-US,GAP INC  COM,T0NLZH-S,TRUE,GAP INC  COM,Gap Inc  Com,320197215,17670928,462624895,
0011M0-E,TGW3C4-S-US,GCI LIBERTY INC CL A,TGW3C4-S,TRUE,GCI LIBERTY INC CL A,Gci Liberty Inc Cl A,383331,6104,339443,
0011M0-E,P321KV-S-US,GENERAL ELECTRIC CO  COM,P321KV-S,TRUE,GENERAL ELECTRIC CO  COM,General Electric Co  Com,8405815,792254,7914617,
0011M0-E,D68V9M-S-US,GENERAL MILLS INC  COM,D68V9M-S,TRUE,GENERAL MILLS INC  COM,General Mills Inc  Com,608608,11200,579600,
0011M0-E,BXFH68-S-US,GENUINE PARTS CO  COM,BXFH68-S,TRUE,GENUINE PARTS CO  COM,Genuine Parts Co  Com,1970356,18562,2079501,
0011M0-E,RMF5GJ-S-US,GILEAD SCIENCES INC  COM,RMF5GJ-S,TRUE,GILEAD SCIENCES INC  COM,Gilead Sciences Inc  Com,1178083920,17073680,1109959937,
0011M0-E,G11QT7-S-GB,GLAXOSMITHKLINE PLC  ORD,G11QT7-S,TRUE,GLAXOSMITHKLINE PLC  ORD,Glaxosmithkline Plc  Ord,1403888836,68089126,1310464427,
0011M0-E,KSZPF5-S-US,GLAXOSMITHKLINE PLC  SPONSORED ADR,KSZPF5-S,TRUE,GLAXOSMITHKLINE PLC  SPONSORED ADR,Glaxosmithkline Plc  Sponsored Adr,1987226787,48081945,2009344482,
0011M0-E,HG5HFV-S-US,GOLDMAN SACHS GROUP INC  COM,HG5HFV-S,TRUE,GOLDMAN SACHS GROUP INC  COM,Goldman Sachs Group Inc  Com,2346773554,11389893,2186745557,
0011M0-E,MDYSXZ-S-US,GRUPO TELEVISA SAB  ADR PC A/B/L/D,MDYSXZ-S,TRUE,GRUPO TELEVISA SAB  ADR PC A/B/L/D,Grupo Televisa Sab  Adr Pc A/B/L/D,503984800,58534820,647395109,
0011M0-E,B2GZV8-S-TR,HACI OMER SABANCI HOLDINGS  ORD,B2GZV8-S,TRUE,HACI OMER SABANCI HOLDINGS  ORD,Haci Omer Sabanci Holdings  Ord,66170670,41487354,57572416,
0011M0-E,M1LGZB-S-US,HALLIBURTON CO  COM,M1LGZB-S,TRUE,HALLIBURTON CO  COM,Halliburton Co  Com,654643826,28662164,839801405,
0011M0-E,LP883Q-S-HK,HANG LUNG GROUP LTD  ORD,LP883Q-S,TRUE,HANG LUNG GROUP LTD  ORD,Hang Lung Group Ltd  Ord,379952677,134650000,413516139,128812800
0011M0-E,TQ3YYX-S-US,HARLEY DAVIDSON INC  COM,TQ3YYX-S,TRUE,HARLEY DAVIDSON INC  COM,Harley Davidson Inc  Com,355691455,9809472,349805772,
0011M0-E,PQCHZH-S-US,HESS CORP  COM,PQCHZH-S,FALSE,,,,,-,-
0011M0-E,F9QBSZ-S-US,HEWLETT PACKARD ENTERPRISE CO  COM,F9QBSZ-S,TRUE,HEWLETT PACKARD ENTERPRISE CO  COM,Hewlett Packard Enterprise Co  Com,2399565247,156936903,2421536413,
0011M0-E,DY0D0T-S-US,HOME DEPOT INC  COM,DY0D0T-S,TRUE,HOME DEPOT INC  COM,Home Depot Inc  Com,12302861,58005,11130579,
0011M0-E,XBVTLW-S-JP,HONDA MOTOR CO LTD  ORD,XBVTLW-S,TRUE,HONDA MOTOR CO LTD  ORD,Honda Motor Co Ltd  Ord,882083729,34072455,921958723,
0011M0-E,LKTW6W-S-US,HONEYWELL INTERNATIONAL INC  COM,LKTW6W-S,TRUE,HONEYWELL INTERNATIONAL INC  COM,Honeywell International Inc  Com,1575450,8831,1403423,
0011M0-E,V601BM-S-US,HP INC  COM,V601BM-S,TRUE,HP INC  COM,Hp Inc  Com,1948555397,92086739,1789245339,
0011M0-E,PC5SQ3-S-IN,ICICI BANK LTD  ORD,PC5SQ3-S,TRUE,ICICI BANK LTD  ORD,Icici Bank Ltd  Ord,1860063576,293957573,1692457787,
0011M0-E,BHY29P-S-US,ICICI BANK LTD  SPONSORED ADR,BHY29P-S,TRUE,ICICI BANK LTD  SPONSORED ADR,Icici Bank Ltd  Sponsored Adr,18744370,1488830,17061992,
0011M0-E,SGJQG8-S-US,INCYTE CORP  COM,SGJQG8-S,TRUE,INCYTE CORP  COM,Incyte Corp  Com,368172882,4255350,366002654,
0011M0-E,PJSZYL-S-US,INTEL CORP  COM,PJSZYL-S,TRUE,INTEL CORP  COM,Intel Corp  Com,203784,4200,225540,
0011M0-E,MCPQD9-S-US,INTERNATIONAL BUSINESS MACHINES  COM,MCPQD9-S,TRUE,INTERNATIONAL BUSINESS MACHINES  COM,International Business Machines  Com,10641119,75181,10608039,
0011M0-E,CY6SCY-S-US,ISHARES RUSSELL 2000 VALUE ETF,CY6SCY-S,FALSE,,,,,-,-
0011M0-E,HRGLY7-S-BR,ITAU UNIBANCO HLDG (MULTIPLO)  PFD,HRGLY7-S,TRUE,ITAU UNIBANCO HLDG (MULTIPLO)  PFD,Itau Unibanco Hldg (Multiplo)  Pfd,1373244551,144339044,-,-
0011M0-E,D69FF5-S-US,ITAU UNIBANCO HOLDING SA  ADR PFD,D69FF5-S,TRUE,ITAU UNIBANCO HOLDING SA  ADR PFD,Itau Unibanco Holding Sa  Adr Pfd,85805867,9138005,-,-
0011M0-E,JSL9G5-S-US,JD COM INC  SPONSORED ADR,JSL9G5-S,TRUE,JD COM INC  SPONSORED ADR,Jd Com Inc  Sponsored Adr,1082093576,34352177,1035718137,
0011M0-E,T7HSNM-S-US,JOHNSON & JOHNSON  COM,T7HSNM-S,TRUE,JOHNSON & JOHNSON  COM,Johnson & Johnson  Com,4253113,29922,4182796,
0011M0-E,G4F739-S-US,JOHNSON CONTROLS INTL PLC  COM,G4F739-S,TRUE,JOHNSON CONTROLS INTL PLC  COM,Johnson Controls Intl Plc  Com,4528499486,108259610,3999109993,
0011M0-E,N5N6M6-S-US,JPMORGAN CHASE & CO  COM,N5N6M6-S,TRUE,JPMORGAN CHASE & CO  COM,Jpmorgan Chase & Co  Com,2814042747,24942765,2524956101,
0011M0-E,BNWHWM-S-DE,JPMORGAN CHASE & CO  DEBT,BNWHWM-S,TRUE,JPMORGAN CHASE & CO  DEBT,Jpmorgan Chase & Co  Debt,251100000,232500000,-,-
0011M0-E,W8XCG8-S-US,JUNIPER NETWORKS INC  COM,W8XCG8-S,TRUE,JUNIPER NETWORKS INC  COM,Juniper Networks Inc  Com,1207155709,44593857,1180399395,
0011M0-E,J0CFX0-S-TH,KASIKORNBANK PUBLIC CO LTD  FGN,J0CFX0-S,TRUE,KASIKORNBANK PUBLIC CO LTD  FGN,Kasikornbank Public Co Ltd  Fgn,255840250,40931100,242478292,
0011M0-E,X0NKF2-S-US,KIMBERLY CLARK CORP  COM,X0NKF2-S,TRUE,KIMBERLY CLARK CORP  COM,Kimberly Clark Corp  Com,534031,3860,478254,
0011M0-E,K6NYMC-S-US,KONINKLIJKE PHILIPS NV  ADR,K6NYMC-S,TRUE,KONINKLIJKE PHILIPS NV  ADR,Koninklijke Philips Nv  Adr,968471,21700,886662,
0011M0-E,K5KCNX-S-NL,KONINKLIJKE PHILIPS NV  ORD,K5KCNX-S,FALSE,,,,,371296123,8147560
0011M0-E,S4D2D0-S-US,KRAFT HEINZ CO  COM,S4D2D0-S,FALSE,,,,,-,-
0011M0-E,VV9YQS-S-JP,KYOCERA CORP  ORD,VV9YQS-S,TRUE,KYOCERA CORP  ORD,Kyocera Corp  Ord,902640688,13569200,796854120,
0011M0-E,JNNYHS-S-CH,LAFARGEHOLCIM LTD  ORD REG,JNNYHS-S,TRUE,LAFARGEHOLCIM LTD  ORD REG,Lafargeholcim Ltd  Ord Reg,652918652,13340457,658918656,
0011M0-E,C4CKD3-S-US,LIBERTY GLOBAL PLC  CL A,C4CKD3-S,TRUE,LIBERTY GLOBAL PLC  CL A,Liberty Global Plc  Cl A,512523803,18569703,462756999,
0011M0-E,P5DLYY-S-US,LIBERTY GLOBAL PLC  CL C,P5DLYY-S,TRUE,LIBERTY GLOBAL PLC  CL C,Liberty Global Plc  Cl C,1266367012,47111868,1140578324,
0011M0-E,QTQT3M-S-US,LIBERTY LATIN AMERICA LTD  CL A,QTQT3M-S,FALSE,,,,,-,-
0011M0-E,VXWYP7-S-US,LIBERTY LATIN AMERICA LTD  CL C,VXWYP7-S,FALSE,,,,,-,-
0011M0-E,JPY6CM-S-DE,LINDE AG  ORD,JPY6CM-S,FALSE,,,,,-,-
0011M0-E,NB64DG-S-US,LINDE PLC  COM,NB64DG-S,TRUE,LINDE PLC  COM,Linde Plc  Com,1592676920,7822194,1376158590,
0011M0-E,MH7782-S-GB,LLOYDS BANKING GROUP PLC  ORD,MH7782-S,TRUE,LLOYDS BANKING GROUP PLC  ORD,Lloyds Banking Group Plc  Ord,700936677,957668429,781160560.9,
0011M0-E,BV8916-S-US,LOCKHEED MARTIN CORP  COM,BV8916-S,TRUE,LOCKHEED MARTIN CORP  COM,Lockheed Martin Corp  Com,324083,875,262640,
0011M0-E,N91ZBG-S-US,LOWES COS INC  COM,N91ZBG-S,FALSE,,,,,-,-
0011M0-E,KHRMVQ-S-US,MACYS INC  COM,KHRMVQ-S,TRUE,MACYS INC  COM,Macys Inc  Com,193557,9100,218673,
0011M0-E,C34R8M-S-RU,MAGNIT PJSC  ORD,C34R8M-S,TRUE,MAGNIT PJSC  ORD,Magnit Pjsc  Ord,393983562,6610285,418570466,7554679
0011M0-E,RWB1HB-S-US,MARSH & MCLENNAN COS INC  COM,RWB1HB-S,TRUE,MARSH & MCLENNAN COS INC  COM,Marsh & Mclennan Cos Inc  Com,294351,2860,268554,
0011M0-E,RS1WKD-S-US,MATTEL INC  COM,RS1WKD-S,TRUE,MATTEL INC  COM,Mattel Inc  Com,426450367,37018261,481237393,
0011M0-E,V0BDBS-S-US,MAXIM INTEGRATED PRODUCTS INC  COM,V0BDBS-S,TRUE,MAXIM INTEGRATED PRODUCTS INC  COM,Maxim Integrated Products Inc  Com,523194190,8666460,460795678,
0011M0-E,F1F0GY-S-US,MCDONALDS CORP  COM,F1F0GY-S,TRUE,MCDONALDS CORP  COM,Mcdonalds Corp  Com,3216198,15113,2869959,
0011M0-E,TTHQS7-S-US,MEDTRONIC PLC  COM,TTHQS7-S,TRUE,MEDTRONIC PLC  COM,Medtronic Plc  Com,571136424,5780148,526455880,
0011M0-E,V9FMMN-S-US,MERCK & CO INC  COM,V9FMMN-S,TRUE,MERCK & CO INC  COM,Merck & Co Inc  Com,66799161,768690,63931947,
0011M0-E,NV2X6X-S-US,METLIFE INC  COM,NV2X6X-S,TRUE,METLIFE INC  COM,Metlife Inc  Com,2343280866,46429183,1976490320,
0011M0-E,DQ7MZZ-S-GB,MICRO FOCUS INTERNATIONAL PLC  ORD,DQ7MZZ-S,TRUE,MICRO FOCUS INTERNATIONAL PLC  ORD,Micro Focus International Plc  Ord,568815973,21000500,653161554,20828549
0011M0-E,C00L6P-S-US,MICRO FOCUS INTL PLC  SPONSORED ADR,C00L6P-S,TRUE,MICRO FOCUS INTL PLC  SPONSORED ADR,Micro Focus Intl Plc  Sponsored Adr,814823023,29978772,931958194,
0011M0-E,SY92RH-S-US,MICROCHIP TECHNOLOGY INC  COM,SY92RH-S,TRUE,MICROCHIP TECHNOLOGY INC  COM,Microchip Technology Inc  Com,1677306039,18684483,1550064710,
0011M0-E,DF3K29-S-US,MICROSOFT CORP  COM,DF3K29-S,TRUE,MICROSOFT CORP  COM,Microsoft Corp  Com,4346877236,31622852,3729599165,
0011M0-E,NK1W43-S-SE,MILLICOM INTL CELLULAR SA  SDR,NK1W43-S,TRUE,MILLICOM INTL CELLULAR SA  SDR,Millicom Intl Cellular Sa  Sdr,451648049,7936436,483016019,
0011M0-E,RRYBT2-S-JP,MITSUBISHI ELECTRIC CORP  ORD,RRYBT2-S,TRUE,MITSUBISHI ELECTRIC CORP  ORD,Mitsubishi Electric Corp  Ord,1474343390,107612614,1464442193,113948500
0011M0-E,R5S5QK-S-JP,MITSUBISHI UFJ FINL GROUP INC  ORD,R5S5QK-S,TRUE,MITSUBISHI UFJ FINL GROUP INC  ORD,Mitsubishi Ufj Finl Group Inc  Ord,804320921,166984500,829756000,
0011M0-E,HY0FNH-S-US,MOLSON COORS BREWING CO  CL B,HY0FNH-S,TRUE,MOLSON COORS BREWING CO  CL B,Molson Coors Brewing Co  Cl B,765838754,13468849,803416843,
0011M0-E,D8DHJ7-S-US,MONDELEZ INTERNATIONAL INC  CL A,D8DHJ7-S,TRUE,MONDELEZ INTERNATIONAL INC  CL A,Mondelez International Inc  Cl A,660790,11840,591053,
0011M0-E,C4BW2G-S-US,MOODYS CORP  COM,C4BW2G-S,TRUE,MOODYS CORP  COM,Moodys Corp  Com,415351,2050,371235,
0011M0-E,X8M6VK-S-US,MOTOROLA SOLUTIONS INC  COM,X8M6VK-S,TRUE,MOTOROLA SOLUTIONS INC  COM,Motorola Solutions Inc  Com,8405885,49339,6928182,
0011M0-E,TVPSG0-S-ZA,MTN GROUP LTD  ORD,TVPSG0-S,TRUE,MTN GROUP LTD  ORD,Mtn Group Ltd  Ord,280735121,38010580,328017183,53274580
,,,,FALSE,MULTICHOICE GROUP LTD  ORD,Multichoice Group Ltd  Ord,78022779,8086695,-,-
,,,,FALSE,MURATA MANUFACTURING CO LTD  ORD,Murata Manufacturing Co Ltd  Ord,202367823,4391700,-,-
0011M0-E,D1N7DV-S-ZA,NASPERS LTD  ORD N,D1N7DV-S,TRUE,NASPERS LTD  ORD N,Naspers Ltd  Ord N,1936738076,7836695,1810728174,
0011M0-E,C37KN8-S-US,NATIONAL OILWELL VARCO INC  COM,C37KN8-S,TRUE,NATIONAL OILWELL VARCO INC  COM,National Oilwell Varco Inc  Com,364177412,16720726,445440141,
0011M0-E,D707BZ-S,"NBCUNIVERSAL ENTERPRISE, INC. 5.25% PERP",D707BZ-S,TRUE,"NBCUNIVERSAL ENTERPRISE, INC. 5.25% PERP","Nbcuniversal Enterprise, Inc. 5.25% Perp",54912720,53210000,-,-
0011M0-E,Q4ZSBS-S-US,NETAPP INC  COM,Q4ZSBS-S,TRUE,NETAPP INC  COM,Netapp Inc  Com,7647401,122378,8485691,
0011M0-E,GLZ11J-S-US,NEWS CORP  CL A,GLZ11J-S,TRUE,NEWS CORP  CL A,News Corp  Cl A,183546420,13646574,169763381,
0011M0-E,VLCR4Q-S-US,NEXTERA ENERGY INC  COM,VLCR4Q-S,TRUE,NEXTERA ENERGY INC  COM,Nextera Energy Inc  Com,1490750,7142,1380691,
0011M0-E,LTT1MV-S-JP,NIDEC CORP  ORD,LTT1MV-S,TRUE,NIDEC CORP  ORD,Nidec Corp  Ord,494496064,3600800,456260753,
0011M0-E,TY1NFD-S-US,NORFOLK SOUTHERN CORP  COM,TY1NFD-S,TRUE,NORFOLK SOUTHERN CORP  COM,Norfolk Southern Corp  Com,632641,3124,583844,
0011M0-E,P6G3ZG-S-CH,NOVARTIS AG  ORD REG,P6G3ZG-S,TRUE,NOVARTIS AG  ORD REG,Novartis Ag  Ord Reg,1467509151,15896270,1528812799,
0011M0-E,G6QL68-S-US,NOVARTIS AG  SPONSORED ADR,G6QL68-S,TRUE,NOVARTIS AG  SPONSORED ADR,Novartis Ag  Sponsored Adr,3361875038,36344595,3494169363,
0011M0-E,V3LF0L-S-US,NUCOR CORP  COM,V3LF0L-S,TRUE,NUCOR CORP  COM,Nucor Corp  Com,3654669,66100,3856935,
0011M0-E,DRJY75-S-CA,NUTRIEN LTD  COM,DRJY75-S,TRUE,NUTRIEN LTD  COM,Nutrien Ltd  Com,432790934,8072408,425900246,
0011M0-E,MT931R-S-US,OCCIDENTAL PETROLEUM CORP  COM,MT931R-S,TRUE,OCCIDENTAL PETROLEUM CORP  COM,Occidental Petroleum Corp  Com,1493194560,30368000,2010361600,
0011M0-E,KPL0X0-S-US,PARKER HANNIFIN CORP  COM,KPL0X0-S,TRUE,PARKER HANNIFIN CORP  COM,Parker Hannifin Corp  Com,548994,3256,558795,
0011M0-E,NGRNZY-S-US,PAYPAL HOLDINGS INC  COM,NGRNZY-S,TRUE,PAYPAL HOLDINGS INC  COM,Paypal Holdings Inc  Com,5677589,48246,5009865,
0011M0-E,DCZH6D-S-US,PEPSICO INC  COM,DCZH6D-S,TRUE,PEPSICO INC  COM,Pepsico Inc  Com,742975,5545,679540,
0011M0-E,FZCZH1-S-US,PERSPECTA INC  COM WI,FZCZH1-S,TRUE,PERSPECTA INC  COM WI,Perspecta Inc  Com Wi,448259,18986,383897,
0011M0-E,CB220R-S-US,PETROBRAS  ADR NVTG,CB220R-S,TRUE,PETROBRAS  ADR NVTG,Petrobras  Adr Nvtg,45886498,3277607,46869780,
0011M0-E,KV5NYW-S-BR,PETROBRAS  ORD PFD,KV5NYW-S,TRUE,PETROBRAS  ORD PFD,Petrobras  Ord Pfd,782435699,110856106,-,-
0011M0-E,JDQZCY-S-US,PFIZER INC  COM,JDQZCY-S,TRUE,PFIZER INC  COM,Pfizer Inc  Com,17937600,404000,17157880,
0011M0-E,PRHXMV-S-US,PHILIP MORRIS INTERNATIONAL INC  COM,PRHXMV-S,TRUE,PHILIP MORRIS INTERNATIONAL INC  COM,Philip Morris International Inc  Com,1524955,18913,1671720,
0011M0-E,SP70YY-S-US,PHILLIPS 66  COM,SP70YY-S,TRUE,PHILLIPS 66  COM,Phillips 66  Com,504989,5205,495360,
0011M0-E,JT792F-S-US,PNC FINANCIAL SERVICES GROUP  COM,JT792F-S,TRUE,PNC FINANCIAL SERVICES GROUP  COM,Pnc Financial Services Group  Com,2627716,18680,2291289,
0011M0-E,KM6CDW-S-US,PPG INDUSTRIES INC  COM,KM6CDW-S,TRUE,PPG INDUSTRIES INC  COM,Ppg Industries Inc  Com,2024360,17000,1918790,
0011M0-E,RWC9XJ-S-US,PROCTER & GAMBLE CO  COM,RWC9XJ-S,TRUE,PROCTER & GAMBLE CO  COM,Procter & Gamble Co  Com,15038596,131825,13716391,
0011M0-E,C7R3T7-S-US,QUALCOMM INC  COM,C7R3T7-S,TRUE,QUALCOMM INC  COM,Qualcomm Inc  Com,344835,4500,256635,
0011M0-E,DR8CHR-S-US,QURATE RETAIL INC QVC GROUP  CL A,DR8CHR-S,TRUE,QURATE RETAIL INC QVC GROUP  CL A,Qurate Retail Inc Qvc Group  Cl A,712568102,56553024,903717324,
0011M0-E,G6L6W5-S-US,RAYTHEON CO  COM,G6L6W5-S,FALSE,,,,,-,-
0011M0-E,TH9ZKX-S-US,RIO TINTO PLC  ADR,TH9ZKX-S,TRUE,RIO TINTO PLC  ADR,Rio Tinto Plc  Adr,601445,9500,559075,
0011M0-E,H8PBY5-S-US,ROCHE HOLDING AG  ADR PFD,H8PBY5-S,TRUE,ROCHE HOLDING AG  ADR PFD,Roche Holding Ag  Adr Pfd,1683294304,47256999,1627294761,
0011M0-E,M50G2S-S-CH,ROCHE HOLDING AG  ORD DRC,M50G2S-S,TRUE,ROCHE HOLDING AG  ORD DRC,Roche Holding Ag  Ord Drc,1810950598,6344600,-,-
0011M0-E,GYCCNW-S-US,ROYAL DUTCH SHELL PLC  SPONS ADR A,GYCCNW-S,TRUE,ROYAL DUTCH SHELL PLC  SPONS ADR A,Royal Dutch Shell Plc  Spons Adr A,9548644,147629,9240099,
0011M0-E,NXC32S-S-US,S&P GLOBAL INC  COM,NXC32S-S,TRUE,S&P GLOBAL INC  COM,S&P Global Inc  Com,1976562,8300,1747565,
0011M0-E,RMD8RP-S-IT,SAIPEM SPA  ORD,RMD8RP-S,TRUE,SAIPEM SPA  ORD,Saipem Spa  Ord,280985458,57521348,220584591,
0011M0-E,SPC2KM-S-KR,SAMSUNG ELECTRONICS  ORD PFD NVTG,SPC2KM-S,TRUE,SAMSUNG ELECTRONICS  ORD PFD NVTG,Samsung Electronics  Ord Pfd Nvtg,1095661441,33949565,-,-
0011M0-E,XQ818C-S-KR,SAMSUNG ELECTRONICS CO LTD  ORD,XQ818C-S,TRUE,SAMSUNG ELECTRONICS CO LTD  ORD,Samsung Electronics Co Ltd  Ord,732909958,18907950,743758206,
0011M0-E,DKHG8V-S-FR,SANOFI (SANOFI AVENTIS)  ORD,DKHG8V-S,TRUE,SANOFI (SANOFI AVENTIS)  ORD,Sanofi (Sanofi Aventis)  Ord,1745063817,19770409,1747965323,
0011M0-E,RWGFWG-S-US,SANOFI AVENTIS  SPONSORED ADR,RWGFWG-S,TRUE,SANOFI AVENTIS  SPONSORED ADR,Sanofi Aventis  Sponsored Adr,2665983716,60590539,2682949067,
0011M0-E,SZF3KC-S-US,SCHLUMBERGER NV  COM,SZF3KC-S,TRUE,SCHLUMBERGER NV  COM,Schlumberger Nv  Com,2138640422,54156506,2359598966,
0011M0-E,LRJH1M-S-FR,SCHNEIDER ELECTRIC SE  ORD,LRJH1M-S,TRUE,SCHNEIDER ELECTRIC SE  ORD,Schneider Electric Se  Ord,1186027088,13030524,1023314805,
0011M0-E,PTRJ81-S-GB,SHIRE PLC  ORD,PTRJ81-S,FALSE,,,,,-,-
0011M0-E,RFQ5XF-S-GB,SMITHS GROUP PLC  ORD,RFQ5XF-S,TRUE,SMITHS GROUP PLC  ORD,Smiths Group Plc  Ord,398176557,19558400,355304678,19001500
0011M0-E,C5BYBM-S-FR,SOCIETE GENERALE SA  ORD A,C5BYBM-S,TRUE,SOCIETE GENERALE SA  ORD A,Societe Generale Sa  Ord A,956109573,37945027,1098184481,
0011M0-E,BB0C2F-S-US,SPRINT CORP  COM,BB0C2F-S,TRUE,SPRINT CORP  COM,Sprint Corp  Com,725035969,103873348,586884416,
0011M0-E,PF89RN-S-GB,STANDARD CHARTERED PLC  ORD,PF89RN-S,TRUE,STANDARD CHARTERED PLC  ORD,Standard Chartered Plc  Ord,1211929131,131428000,1138028481,
0011M0-E,KW96V9-S-US,STATE STREET CORP  COM,KW96V9-S,TRUE,STATE STREET CORP  COM,State Street Corp  Com,254115,4500,296145,
0011M0-E,MBJF57-S-CA,SUNCOR ENERGY INC  COM,MBJF57-S,TRUE,SUNCOR ENERGY INC  COM,Suncor Energy Inc  Com,1096145022,35031800,1136081274,
0011M0-E,X6BVNJ-S-US,SUNTRUST BANKS INC  COM,X6BVNJ-S,TRUE,SUNTRUST BANKS INC  COM,Suntrust Banks Inc  Com,11426395,181920,10778760,
0011M0-E,JFV4K0-S-US,SYNOPSYS (SYNOPSIS) INC  COM,JFV4K0-S,TRUE,SYNOPSYS (SYNOPSIS) INC  COM,Synopsys (Synopsis) Inc  Com,5210801,38630,4448245,
0011M0-E,PFDQ4S-S-JP,TAKEDA PHARMACEUTICAL CO LTD  ORD,PFDQ4S-S,FALSE,,,,,-,-
0011M0-E,MYWCD8-S-US,TAPESTRY INC  COM,MYWCD8-S,FALSE,,,,,-,-
0011M0-E,WX72B4-S-US,TARGET CORP  COM,WX72B4-S,TRUE,TARGET CORP  COM,Target Corp  Com,227756811,2591090,207960883,
0011M0-E,HVRY7D-S-US,TE CONNECTIVITY LTD  COM REG,HVRY7D-S,TRUE,TE CONNECTIVITY LTD  COM REG,Te Connectivity Ltd  Com Reg,2981684565,31111066,2512218580,
0011M0-E,HR8NLN-S-SE,TELEFONAKTIEBOLAGET (TELEFON)  ORD B,HR8NLN-S,FALSE,,,,,373385628,43044300
0011M0-E,J5WH3J-S-US,TELEFONAKTIEBOLAGET LM ERIC  ADR B,J5WH3J-S,TRUE,TELEFONAKTIEBOLAGET LM ERIC  ADR B,Telefonaktiebolaget Lm Eric  Adr B,10070791,1040371,9550606,
0011M0-E,FT4KB7-S-HK,TELEVISION BROADCASTS LTD  ORD,FT4KB7-S,TRUE,TELEVISION BROADCASTS LTD  ORD,Television Broadcasts Ltd  Ord,68927507,40163800,82699204,42653300
0011M0-E,LY6R71-S-US,THERMO FISHER SCIENTIFIC INC  COM,LY6R71-S,TRUE,THERMO FISHER SCIENTIFIC INC  COM,Thermo Fisher Scientific Inc  Com,11682087,38248,10469243,
0011M0-E,CM3XPB-S-FR,TOTAL SA  ORD,CM3XPB-S,TRUE,TOTAL SA  ORD,Total Sa  Ord,878419642,15853349,881502167,
0011M0-E,G8VDR1-S-US,TRAVELERS COS INC  CL A,G8VDR1-S,TRUE,TRAVELERS COS INC  CL A,Travelers Cos Inc  Cl A,22997489,149044,20442875,
0011M0-E,DSCKQV-S-US,TWENTY FIRST CENTURY FOX INC  CL A,DSCKQV-S,FALSE,,,,,-,-
0011M0-E,JWJQ9G-S-US,TWENTY FIRST CENTURY FOX INC  CL B,JWJQ9G-S,FALSE,,,,,-,-
0011M0-E,DB740W-S-CH,UBS GROUP AG  ORD REG,DB740W-S,TRUE,UBS GROUP AG  ORD REG,Ubs Group Ag  Ord Reg,1546710324,129000027,1562190327,
0011M0-E,FZS6F4-S-IT,UNICREDIT SPA  ORD,FZS6F4-S,TRUE,UNICREDIT SPA  ORD,Unicredit Spa  Ord,1491860169,118728292,1523513133,
0011M0-E,HLVZYD-S-US,UNILEVER NV  NY SH,HLVZYD-S,TRUE,UNILEVER NV  NY SH,Unilever Nv  Ny Sh,2829959,45571,2656334,
0011M0-E,FFW2T8-S-US,UNILEVER PLC  ADR,FFW2T8-S,TRUE,UNILEVER PLC  ADR,Unilever Plc  Adr,299860,4700,271284,
0011M0-E,B2DTQ7-S-US,UNION PACIFIC CORP  COM,B2DTQ7-S,TRUE,UNION PACIFIC CORP  COM,Union Pacific Corp  Com,715966536,4167442,696796302,
0011M0-E,C6M0W9-S-US,UNITED PARCEL SERVICE INC  CL B,C6M0W9-S,FALSE,,,,,-,-
0011M0-E,K6TLGQ-S-US,UNITED TECHNOLOGIES CORP  COM,K6TLGQ-S,TRUE,UNITED TECHNOLOGIES CORP  COM,United Technologies Corp  Com,2039794400,15336800,1976760152,
0011M0-E,R4SVX3-S-US,UNITEDHEALTH GROUP INC  COM,R4SVX3-S,TRUE,UNITEDHEALTH GROUP INC  COM,Unitedhealth Group Inc  Com,1545025789,6300827,1557942484,
0011M0-E,QQ57WH-S-US,US BANCORP/DE  COM,QQ57WH-S,TRUE,US BANCORP/DE  COM,Us Bancorp/De  Com,5043893,94721,4564605,
0011M0-E,RGW4H5-S-US,VERIZON COMMUNICATIONS INC  COM,RGW4H5-S,TRUE,VERIZON COMMUNICATIONS INC  COM,Verizon Communications Inc  Com,319715,5500,325215,
0011M0-E,JS7D8K-S-US,VISA INC  CL A,JS7D8K-S,TRUE,VISA INC  CL A,Visa Inc  Cl A,636732,3600,562284,
0011M0-E,DVTV6F-S-US,VMWARE INC  CL A,DVTV6F-S,TRUE,VMWARE INC  CL A,Vmware Inc  Cl A,3338362,19700,3556047,
0011M0-E,KM5HS2-S-US,VULCAN MATERIALS CO  COM,KM5HS2-S,TRUE,VULCAN MATERIALS CO  COM,Vulcan Materials Co  Com,6465690,46200,5470080,
0011M0-E,QSFJYG-S-US,WALGREENS BOOTS ALLIANCE  COM,QSFJYG-S,TRUE,WALGREENS BOOTS ALLIANCE  COM,Walgreens Boots Alliance  Com,257682,4669,295408,
0011M0-E,DWPYXW-S-US,WALMART INC  COM,DWPYXW-S,TRUE,WALMART INC  COM,Walmart Inc  Com,18486749,164590,16052463,
0011M0-E,K8YTSW-S-US,WALT DISNEY CO  COM,K8YTSW-S,TRUE,WALT DISNEY CO  COM,Walt Disney Co  Com,156362642,1093598,121422186,
0011M0-E,W0ZHJJ-S-US,WEATHERFORD INTERNATIONAL PLC  COM,W0ZHJJ-S,TRUE,WEATHERFORD INTERNATIONAL PLC  COM,Weatherford International Plc  Com,2555309,53235600,37158449,
0011M0-E,G4G3T4-S-US,WELLS FARGO & CO  COM,G4G3T4-S,TRUE,WELLS FARGO & CO  COM,Wells Fargo & Co  Com,3898999782,81808640,3952993485,
0011M0-E,R1BXSL-S-DE,WELLS FARGO & CO  PFD 5.875%,R1BXSL-S,TRUE,WELLS FARGO & CO  PFD 5.875%,Wells Fargo & Co  Pfd 5.875%,164667901,150772000,-,-
0011M0-E,CGFX37-S-JP,YAMAHA MOTOR CO LTD  ORD,CGFX37-S,TRUE,YAMAHA MOTOR CO LTD  ORD,Yamaha Motor Co Ltd  Ord,264890435,14753100,341996023,16510900
0011M0-E,GZV1DC-S-US,ZAYO GROUP HOLDINGS INC  COM,GZV1DC-S,TRUE,ZAYO GROUP HOLDINGS INC  COM,Zayo Group Holdings Inc  Com,953645854,28758922,817328563,